지점,일시,기온(°C),강수량(mm),풍속(m/s),풍향(16방위),습도(%)
211,2019-03-01 1:00,-1.6,,0.3,0,81
211,2019-03-01 2:00,-2,,0.3,0,83
211,2019-03-01 3:00,-2.5,,0.5,360,84
211,2019-03-01 4:00,-3.3,,0.2,0,87
211,2019-03-01 5:00,-3.3,,0.5,360,86
211,2019-03-01 6:00,-4,,0.2,0,88
211,2019-03-01 7:00,-4.3,,0.3,0,91
211,2019-03-01 8:00,-3.6,,0.2,0,89
211,2019-03-01 9:00,-1.4,,0.7,90,81
211,2019-03-01 10:00,1.6,,0.6,140,67
211,2019-03-01 11:00,6.4,,2.5,160,47
211,2019-03-01 12:00,9.4,,2.9,140,33
211,2019-03-01 13:00,10.6,,2.8,320,26
211,2019-03-01 14:00,11.7,,1.1,50,23
211,2019-03-01 15:00,12.1,,2.5,180,24
211,2019-03-01 16:00,12.3,,2.7,180,23
211,2019-03-01 17:00,11.6,,2.5,160,24
211,2019-03-01 18:00,10.1,,1.7,180,29
211,2019-03-01 19:00,4.9,,0.2,0,48
211,2019-03-01 20:00,2.7,,0.1,0,56
211,2019-03-01 21:00,1.3,,0.2,0,64
211,2019-03-01 22:00,-0.1,,0,0,71
211,2019-03-01 23:00,-0.9,,0.1,0,72
211,2019-03-02 0:00,-1,,0.7,360,73
211,2019-03-02 1:00,-2,,0.4,0,77
211,2019-03-02 2:00,-2.5,,0.2,0,77
211,2019-03-02 3:00,-3,,0.4,0,80
211,2019-03-02 4:00,-3.7,,0.3,0,82
211,2019-03-02 5:00,-4.2,,0.3,0,85
211,2019-03-02 6:00,-4.1,,0.9,340,85
211,2019-03-02 7:00,-4,,1.1,360,84
211,2019-03-02 8:00,-3.5,,1.8,20,83
211,2019-03-02 9:00,-0.9,,1.4,20,72
211,2019-03-02 10:00,1.3,,0.7,180,62
211,2019-03-02 11:00,5.5,,1.1,160,47
211,2019-03-02 12:00,9.7,,1.2,160,28
211,2019-03-02 13:00,12.2,,2.2,110,22
211,2019-03-02 14:00,13.2,,2,180,15
211,2019-03-02 15:00,13.9,,2.2,200,16
211,2019-03-02 16:00,13.6,,1.6,160,15
211,2019-03-02 17:00,13,,1.5,180,19
211,2019-03-02 18:00,10,,0.9,50,31
211,2019-03-02 19:00,6.6,,0.7,320,43
211,2019-03-02 20:00,5,,0.5,250,50
211,2019-03-02 21:00,4,,0.8,20,58
211,2019-03-02 22:00,2.5,,0.1,0,62
211,2019-03-02 23:00,1,,0.2,0,70
211,2019-03-03 0:00,0.3,,0.1,0,74
211,2019-03-03 1:00,0.1,,1,360,75
211,2019-03-03 2:00,-1.2,,0,0,82
211,2019-03-03 3:00,-1.8,,0.1,0,86
211,2019-03-03 4:00,-2.4,,0.5,360,87
211,2019-03-03 5:00,-3,,0.2,0,88
211,2019-03-03 6:00,-3.4,,0.1,0,90
211,2019-03-03 7:00,-3.8,,0.4,0,90
211,2019-03-03 8:00,-3.2,,0.2,0,89
211,2019-03-03 9:00,-1,,0.6,110,84
211,2019-03-03 10:00,2.2,,0.7,90,70
211,2019-03-03 11:00,5.9,,0.7,110,52
211,2019-03-03 12:00,10.6,,1.4,200,32
211,2019-03-03 13:00,13.4,,2.1,160,18
211,2019-03-03 14:00,14.8,,2.4,160,17
211,2019-03-03 15:00,15.3,,1.7,160,14
211,2019-03-03 16:00,15.4,,1.7,160,15
211,2019-03-03 17:00,13.5,,3.3,20,34
211,2019-03-03 18:00,11.4,,3.7,20,46
211,2019-03-03 19:00,9.3,,1.2,50,56
211,2019-03-03 20:00,8.1,,0.7,340,61
211,2019-03-03 21:00,7.1,,1.4,340,60
211,2019-03-03 22:00,5.5,,1.2,360,67
211,2019-03-03 23:00,4.9,,1.6,320,69
211,2019-03-04 0:00,4.4,,0.9,360,69
211,2019-03-04 1:00,3.1,,1.3,340,75
211,2019-03-04 2:00,2.7,,1.7,320,73
211,2019-03-04 3:00,2.2,,1.7,340,74
211,2019-03-04 4:00,1.6,,0.6,360,76
211,2019-03-04 5:00,1.2,,1,20,77
211,2019-03-04 6:00,0.3,,0.7,360,81
211,2019-03-04 7:00,0.1,,0.8,340,81
211,2019-03-04 8:00,0.3,,1.1,340,80
211,2019-03-04 9:00,3.2,,1.1,20,65
211,2019-03-04 10:00,6.2,,0.7,110,57
211,2019-03-04 11:00,10.9,,0.8,50,52
211,2019-03-04 12:00,13,,1.7,50,42
211,2019-03-04 13:00,14.2,,2,70,33
211,2019-03-04 14:00,14.8,,1.4,140,30
211,2019-03-04 15:00,15.2,,1.5,110,28
211,2019-03-04 16:00,15,,2.4,180,25
211,2019-03-04 17:00,14.4,,2.9,180,25
211,2019-03-04 18:00,11.9,,1,200,33
211,2019-03-04 19:00,9.1,,0.9,320,52
211,2019-03-04 20:00,6.5,,0.9,320,56
211,2019-03-04 21:00,4.5,,0.1,0,62
211,2019-03-04 22:00,3.1,,0.2,0,68
211,2019-03-04 23:00,1.7,,0.2,0,73
211,2019-03-05 0:00,0.9,,0.1,0,76
211,2019-03-05 1:00,0.4,,0.4,0,79
211,2019-03-05 2:00,-0.1,,0.4,0,83
211,2019-03-05 3:00,-0.6,,0.1,0,86
211,2019-03-05 4:00,-1.1,,0.2,0,87
211,2019-03-05 5:00,-1.3,,0.2,0,89
211,2019-03-05 6:00,-1.8,,0.1,0,91
211,2019-03-05 7:00,-2,,0.2,0,91
211,2019-03-05 8:00,-1.3,,0.1,0,91
211,2019-03-05 9:00,0.6,,0.2,0,85
211,2019-03-05 10:00,4.1,,1.1,180,76
211,2019-03-05 11:00,6.8,,2.6,160,65
211,2019-03-05 12:00,8.7,,3.4,180,58
211,2019-03-05 13:00,10,,3.8,180,50
211,2019-03-05 14:00,11.4,,3.7,160,47
211,2019-03-05 15:00,11.6,,3.8,160,45
211,2019-03-05 16:00,11.5,,1.9,180,39
211,2019-03-05 17:00,11.3,,2.2,160,42
211,2019-03-05 18:00,10.8,,2.7,200,42
211,2019-03-05 19:00,10.4,,3.6,180,45
211,2019-03-05 20:00,9.6,,2.7,160,52
211,2019-03-05 21:00,8,,1.5,200,60
211,2019-03-05 22:00,5.9,,0.7,180,70
211,2019-03-05 23:00,5.7,,1.5,200,71
211,2019-03-06 0:00,5.2,,1.4,200,72
211,2019-03-06 1:00,5.2,,0.7,250,71
211,2019-03-06 2:00,3.7,,0.4,0,76
211,2019-03-06 3:00,3.3,,0.8,230,79
211,2019-03-06 4:00,2.1,,0.3,0,82
211,2019-03-06 5:00,0.8,,0.4,0,86
211,2019-03-06 6:00,0.5,,0.3,0,89
211,2019-03-06 7:00,-0.2,,0.3,0,91
211,2019-03-06 8:00,0.4,,0,0,92
211,2019-03-06 9:00,2.8,,0.3,0,83
211,2019-03-06 10:00,4.7,,1.1,180,75
211,2019-03-06 11:00,8.3,,2.3,140,51
211,2019-03-06 12:00,10.2,,2.3,140,40
211,2019-03-06 13:00,10.3,,3,160,36
211,2019-03-06 14:00,9.6,,3.5,320,43
211,2019-03-06 15:00,10.6,,2.3,160,41
211,2019-03-06 16:00,10.5,,2.4,180,40
211,2019-03-06 17:00,10.2,,1.9,180,45
211,2019-03-06 18:00,9.1,,1,230,48
211,2019-03-06 19:00,6.5,,0.2,0,59
211,2019-03-06 20:00,5.6,,2.5,20,75
211,2019-03-06 21:00,4.9,0,1.5,20,78
211,2019-03-06 22:00,4.8,,2.6,50,79
211,2019-03-06 23:00,4.5,,2.7,50,79
211,2019-03-07 0:00,3.7,0,2.5,50,83
211,2019-03-07 1:00,2.9,,2.3,50,89
211,2019-03-07 2:00,2.4,,2.9,20,90
211,2019-03-07 3:00,1.5,2.5,2.4,20,92
211,2019-03-07 4:00,1.2,,0.4,0,93
211,2019-03-07 5:00,0.8,,0.2,0,94
211,2019-03-07 6:00,1,2,0.2,0,96
211,2019-03-07 7:00,1.1,,0.6,200,95
211,2019-03-07 8:00,1.4,,0.6,360,96
211,2019-03-07 9:00,2.5,0,0.5,290,95
211,2019-03-07 10:00,3.7,,0.9,20,88
211,2019-03-07 11:00,6.5,,2.5,70,73
211,2019-03-07 12:00,7,,2.4,20,63
211,2019-03-07 13:00,7.7,,0.6,50,59
211,2019-03-07 14:00,9.7,,0.8,20,54
211,2019-03-07 15:00,8.9,,0.6,110,47
211,2019-03-07 16:00,10.7,,1.1,50,37
211,2019-03-07 17:00,10.8,,0.7,230,35
211,2019-03-07 18:00,7.7,,0.9,360,51
211,2019-03-07 19:00,5.1,,1.2,320,63
211,2019-03-07 20:00,3.5,,1.2,320,72
211,2019-03-07 21:00,2,,0.9,320,78
211,2019-03-07 22:00,0.6,,0.5,320,85
211,2019-03-07 23:00,-0.3,,0.4,0,88
211,2019-03-08 0:00,-0.6,,0.7,320,90
211,2019-03-08 1:00,-1.4,,0.2,0,92
211,2019-03-08 2:00,-2,,0.4,0,93
211,2019-03-08 3:00,-1.9,,1,360,93
211,2019-03-08 4:00,-1.5,,0.2,0,95
211,2019-03-08 5:00,-1.7,,0.4,0,95
211,2019-03-08 6:00,-2.1,,0.3,0,96
211,2019-03-08 7:00,-2.3,,0.8,90,96
211,2019-03-08 8:00,-2.2,,0.8,70,95
211,2019-03-08 9:00,-1.4,,0.9,160,94
211,2019-03-08 10:00,1.4,,0.8,160,83
211,2019-03-08 11:00,6.3,,2.3,160,57
211,2019-03-08 12:00,9.2,,2.7,160,37
211,2019-03-08 13:00,10.7,,3.8,160,33
211,2019-03-08 14:00,11.9,,3.9,160,25
211,2019-03-08 15:00,12.3,,3.9,160,21
211,2019-03-08 16:00,12.4,,3.6,160,20
211,2019-03-08 17:00,11.8,,2.7,160,23
211,2019-03-08 18:00,11.1,,3.5,160,23
211,2019-03-08 19:00,9.4,,2.2,180,28
211,2019-03-08 20:00,6.1,,1.1,180,42
211,2019-03-08 21:00,3.9,,0.6,200,50
211,2019-03-08 22:00,2.6,,0.3,0,59
211,2019-03-08 23:00,1,,0.3,0,66
211,2019-03-09 0:00,-0.2,,0.1,0,71
211,2019-03-09 1:00,-1,,0.4,0,76
211,2019-03-09 2:00,-2.1,,0.5,200,81
211,2019-03-09 3:00,-2.3,,0.7,180,82
211,2019-03-09 4:00,-2.8,,0.2,0,84
211,2019-03-09 5:00,-3.6,,0,0,85
211,2019-03-09 6:00,-4.1,,0.1,0,87
211,2019-03-09 7:00,-4.4,,0.4,0,86
211,2019-03-09 8:00,-2.8,,0,0,83
211,2019-03-09 9:00,-0.3,,0.4,0,67
211,2019-03-09 10:00,2.6,,1.7,160,53
211,2019-03-09 11:00,6.7,,3.2,160,34
211,2019-03-09 12:00,9.7,,3.2,140,22
211,2019-03-09 13:00,10.8,,3.5,160,19
211,2019-03-09 14:00,11.5,,3.4,160,17
211,2019-03-09 15:00,11.6,,3.9,180,13
211,2019-03-09 16:00,12.2,,3,230,13
211,2019-03-09 17:00,12.1,,3.8,160,14
211,2019-03-09 18:00,11.3,,2.1,200,15
211,2019-03-09 19:00,6.2,,0.7,320,33
211,2019-03-09 20:00,4.8,,0.6,230,39
211,2019-03-09 21:00,3.9,,0.3,0,47
211,2019-03-09 22:00,2.8,,0.3,0,55
211,2019-03-09 23:00,2.6,,0.6,200,61
211,2019-03-10 0:00,2.4,,0.7,180,63
211,2019-03-10 1:00,2.6,,0.3,0,58
211,2019-03-10 2:00,2.1,,0.3,0,61
211,2019-03-10 3:00,2.2,,1.1,20,59
211,2019-03-10 4:00,1.6,,0,0,62
211,2019-03-10 5:00,1.3,,0,0,64
211,2019-03-10 6:00,0.7,,0.6,320,66
211,2019-03-10 7:00,0.7,,1.6,340,64
211,2019-03-10 8:00,1.4,,2.8,340,60
211,2019-03-10 9:00,3.6,,2.1,360,48
211,2019-03-10 10:00,7.9,,1.5,20,35
211,2019-03-10 11:00,9.5,,5.6,360,50
211,2019-03-10 12:00,9.6,,5.9,360,46
211,2019-03-10 13:00,9.9,,6.4,360,47
211,2019-03-10 14:00,9.6,,7,360,50
211,2019-03-10 15:00,8.9,,6.4,360,55
211,2019-03-10 16:00,8.4,,5.7,20,57
211,2019-03-10 17:00,8.1,,4.8,20,55
211,2019-03-10 18:00,7.3,,4.7,360,55
211,2019-03-10 19:00,6.6,,4.2,20,57
211,2019-03-10 20:00,6.1,,3.1,360,58
211,2019-03-10 21:00,5.7,,2.9,20,61
211,2019-03-10 22:00,4.6,,1.3,360,63
211,2019-03-10 23:00,2.3,,1.2,320,72
211,2019-03-11 0:00,0.6,,0.4,0,78
211,2019-03-11 1:00,-0.6,,0.5,250,84
211,2019-03-11 2:00,-0.9,,0.9,340,84
211,2019-03-11 3:00,-1.7,,0.4,0,87
211,2019-03-11 4:00,-2.4,,0.3,0,89
211,2019-03-11 5:00,-2.9,,0,0,90
211,2019-03-11 6:00,-3.1,,0,0,91
211,2019-03-11 7:00,-3.4,,0.2,0,92
211,2019-03-11 8:00,-2.4,,0.4,0,89
211,2019-03-11 9:00,0.2,,0.5,160,81
211,2019-03-11 10:00,3.6,,0.6,340,71
211,2019-03-11 11:00,7.2,,2.5,180,50
211,2019-03-11 12:00,9,,3.4,160,44
211,2019-03-11 13:00,9.9,,4.6,180,39
211,2019-03-11 14:00,10.4,,3.8,160,39
211,2019-03-11 15:00,10.5,,4.4,180,39
211,2019-03-11 16:00,10.3,,3.7,160,41
211,2019-03-11 17:00,9.4,,3.4,180,47
211,2019-03-11 18:00,8.7,,3.8,160,51
211,2019-03-11 19:00,8.2,,3.6,160,51
211,2019-03-11 20:00,7.6,,1.4,230,53
211,2019-03-11 21:00,7,,1.2,320,53
211,2019-03-11 22:00,4.2,,0.6,270,66
211,2019-03-11 23:00,2.7,,0.3,0,73
211,2019-03-12 0:00,2.6,,0.7,320,75
211,2019-03-12 1:00,3.5,,1.7,180,72
211,2019-03-12 2:00,2.4,,1.1,200,77
211,2019-03-12 3:00,0.8,,0.4,0,82
211,2019-03-12 4:00,2.3,,1.5,200,78
211,2019-03-12 5:00,2.5,,1.3,200,78
211,2019-03-12 6:00,3.4,,2.3,230,75
211,2019-03-12 7:00,3.5,,2.8,160,74
211,2019-03-12 8:00,4.1,,2.3,200,70
211,2019-03-12 9:00,4.6,,4.4,180,68
211,2019-03-12 10:00,4.8,,5.4,180,67
211,2019-03-12 11:00,4.2,,4.4,160,76
211,2019-03-12 12:00,5,,4.5,160,70
211,2019-03-12 13:00,3.8,,3.8,160,84
211,2019-03-12 14:00,4.6,,4.1,160,80
211,2019-03-12 15:00,4.2,0.6,5.5,180,74
211,2019-03-12 16:00,4.6,,4.2,160,69
211,2019-03-12 17:00,4.6,,4.4,160,64
211,2019-03-12 18:00,4.9,0,4.4,160,52
211,2019-03-12 19:00,3.5,,1.7,230,42
211,2019-03-12 20:00,2.3,,1.7,200,34
211,2019-03-12 21:00,2.6,,1.9,200,22
211,2019-03-12 22:00,1.6,,2,290,26
211,2019-03-12 23:00,0.8,,3.8,180,27
211,2019-03-13 0:00,-0.1,,1.6,180,29
211,2019-03-13 1:00,-0.5,,2.4,180,32
211,2019-03-13 2:00,-0.9,,1.9,180,34
211,2019-03-13 3:00,-1.2,,1.5,180,34
211,2019-03-13 4:00,-1,,2.6,160,33
211,2019-03-13 5:00,-1,,3.8,160,34
211,2019-03-13 6:00,-1.2,,3.6,160,35
211,2019-03-13 7:00,-1.3,,3.4,160,38
211,2019-03-13 8:00,-0.4,,2.7,160,39
211,2019-03-13 9:00,0.3,,2.6,180,43
211,2019-03-13 10:00,2.2,,3.8,180,33
211,2019-03-13 11:00,3.4,,3.6,200,27
211,2019-03-13 12:00,4.3,,4.4,180,24
211,2019-03-13 13:00,5.8,,2.8,180,21
211,2019-03-13 14:00,6.8,,2.8,90,18
211,2019-03-13 15:00,7.1,,3.2,160,17
211,2019-03-13 16:00,6.7,,2.7,160,16
211,2019-03-13 17:00,6.4,,3.1,200,13
211,2019-03-13 18:00,5.5,,3.4,230,14
211,2019-03-13 19:00,4.6,,2,200,15
211,2019-03-13 20:00,4.1,,2.1,180,15
211,2019-03-13 21:00,1.5,,0.6,250,21
211,2019-03-13 22:00,0.1,,0.8,270,29
211,2019-03-13 23:00,-1.7,,0.6,290,37
211,2019-03-14 0:00,-1.3,,1.3,200,34
211,2019-03-14 1:00,-0.7,,2,180,38
211,2019-03-14 2:00,-2.1,,1.1,200,45
211,2019-03-14 3:00,-1.3,,2.3,200,45
211,2019-03-14 4:00,-3.5,,0.5,340,50
211,2019-03-14 5:00,-4.6,,0.3,0,59
211,2019-03-14 6:00,-5.3,,0.7,340,60
211,2019-03-14 7:00,-5.6,,0.2,0,61
211,2019-03-14 8:00,-4.4,,0,0,64
211,2019-03-14 9:00,0.4,,1.7,140,43
211,2019-03-14 10:00,2.4,,2.5,160,36
211,2019-03-14 11:00,4.3,,3.5,160,32
211,2019-03-14 12:00,5.9,,3.6,160,24
211,2019-03-14 13:00,6.4,,6.2,180,17
211,2019-03-14 14:00,7.3,,5.1,160,21
211,2019-03-14 15:00,6.8,,3.2,200,26
211,2019-03-14 16:00,4.7,,5.7,160,45
211,2019-03-14 17:00,4.7,,4.1,160,47
211,2019-03-14 18:00,4.5,0,2.8,160,48
211,2019-03-14 19:00,4.4,,1.8,140,49
211,2019-03-14 20:00,4,,2.8,160,56
211,2019-03-14 21:00,3,,0.3,0,62
211,2019-03-14 22:00,2.8,,1.7,200,68
211,2019-03-14 23:00,1.6,,0.9,270,85
211,2019-03-15 0:00,1.2,0,0.7,360,89
211,2019-03-15 1:00,1,,0.8,340,89
211,2019-03-15 2:00,0.7,,0.8,200,90
211,2019-03-15 3:00,0.5,,0.7,180,89
211,2019-03-15 4:00,-0.9,,0.3,0,92
211,2019-03-15 5:00,-1.3,,0.4,0,94
211,2019-03-15 6:00,-1.9,,0.4,0,94
211,2019-03-15 7:00,-1.4,,0.5,320,93
211,2019-03-15 8:00,-0.4,,0.3,0,91
211,2019-03-15 9:00,1.2,,0.5,200,89
211,2019-03-15 10:00,3.8,,1.3,160,76
211,2019-03-15 11:00,7,,2,160,51
211,2019-03-15 12:00,8.2,,2.7,140,44
211,2019-03-15 13:00,8.6,,3.1,340,30
211,2019-03-15 14:00,8.5,,2.5,320,34
211,2019-03-15 15:00,8.8,,0.9,50,34
211,2019-03-15 16:00,6.6,,2.3,200,42
211,2019-03-15 17:00,3.3,,1.3,20,80
211,2019-03-15 18:00,2.3,1,3,50,89
211,2019-03-15 19:00,2.4,,2.7,20,86
211,2019-03-15 20:00,2.4,,2.1,50,87
211,2019-03-15 21:00,2,0,1.3,50,88
211,2019-03-15 22:00,1.5,,0.4,0,90
211,2019-03-15 23:00,1.5,,0.7,270,92
211,2019-03-16 0:00,1.1,0.5,0.2,0,95
211,2019-03-16 1:00,0.9,,0.2,0,96
211,2019-03-16 2:00,0.5,,0.8,340,94
211,2019-03-16 3:00,0.3,,1.4,340,90
211,2019-03-16 4:00,0.3,,1,320,89
211,2019-03-16 5:00,0.7,,0.3,0,92
211,2019-03-16 6:00,0.3,,2.5,200,91
211,2019-03-16 7:00,0.4,,1.7,180,88
211,2019-03-16 8:00,0.5,,2.4,230,85
211,2019-03-16 9:00,1.2,,1.3,200,80
211,2019-03-16 10:00,2.2,,1.8,180,77
211,2019-03-16 11:00,2.8,,1,140,72
211,2019-03-16 12:00,4.1,,3.1,140,67
211,2019-03-16 13:00,3.6,,4.5,160,65
211,2019-03-16 14:00,4.4,,4.2,160,63
211,2019-03-16 15:00,4.9,,4.5,160,60
211,2019-03-16 16:00,5,,5,180,59
211,2019-03-16 17:00,5.3,,3.6,160,60
211,2019-03-16 18:00,5.1,,2.9,160,64
211,2019-03-16 19:00,4.9,,2.2,160,67
211,2019-03-16 20:00,4.6,,2.4,160,68
211,2019-03-16 21:00,3.7,0.1,3.5,160,79
211,2019-03-16 22:00,3.8,,2.3,160,73
211,2019-03-16 23:00,3.4,,1.8,180,73
211,2019-03-17 0:00,1,0,0.4,0,87
211,2019-03-17 1:00,2.3,,2.2,230,76
211,2019-03-17 2:00,1.8,,2,200,77
211,2019-03-17 3:00,0.5,,0.7,90,85
211,2019-03-17 4:00,0,,0.6,200,89
211,2019-03-17 5:00,0.7,,1.7,180,82
211,2019-03-17 6:00,0.1,,1.8,180,85
211,2019-03-17 7:00,-0.6,,0.9,160,89
211,2019-03-17 8:00,0.7,,1.4,200,83
211,2019-03-17 9:00,2,,1.5,180,76
211,2019-03-17 10:00,4.4,,1.3,180,66
211,2019-03-17 11:00,5.2,,2.2,90,54
211,2019-03-17 12:00,7.9,,2.7,140,45
211,2019-03-17 13:00,8.3,,2.9,180,40
211,2019-03-17 14:00,10.3,,2.8,160,35
211,2019-03-17 15:00,10.4,,3.9,160,32
211,2019-03-17 16:00,10.3,,4.4,160,31
211,2019-03-17 17:00,10.4,,2.1,180,29
211,2019-03-17 18:00,9.2,,3.1,160,31
211,2019-03-17 19:00,7.4,,1.5,230,39
211,2019-03-17 20:00,4,,0.3,0,54
211,2019-03-17 21:00,2.4,,0.3,0,62
211,2019-03-17 22:00,1.1,,0,0,68
211,2019-03-17 23:00,0.3,,0.2,0,73
211,2019-03-18 0:00,-0.6,,0.3,0,76
211,2019-03-18 1:00,-1.4,,0.4,0,80
211,2019-03-18 2:00,-1.8,,0.2,0,83
211,2019-03-18 3:00,-2.5,,0.2,0,86
211,2019-03-18 4:00,-2.9,,0.7,230,88
211,2019-03-18 5:00,-2.5,,0.5,340,88
211,2019-03-18 6:00,-3.3,,0.5,20,89
211,2019-03-18 7:00,-3.4,,0.1,0,89
211,2019-03-18 8:00,-1.4,,0.4,0,88
211,2019-03-18 9:00,1.6,,0.9,110,72
211,2019-03-18 10:00,5.9,,2.6,160,49
211,2019-03-18 11:00,8.9,,2.7,160,36
211,2019-03-18 12:00,9.9,,3.3,180,33
211,2019-03-18 13:00,11.6,,2.9,160,28
211,2019-03-18 14:00,12.1,,3.9,160,26
211,2019-03-18 15:00,13,,3.9,160,26
211,2019-03-18 16:00,12.6,,3.6,160,28
211,2019-03-18 17:00,12.3,,3.7,160,28
211,2019-03-18 18:00,11.7,,3.7,180,29
211,2019-03-18 19:00,11.1,,2.7,160,30
211,2019-03-18 20:00,10.2,,2,180,32
211,2019-03-18 21:00,9.1,,1.7,200,36
211,2019-03-18 22:00,8.2,,1.8,200,40
211,2019-03-18 23:00,6.1,,0.8,200,50
211,2019-03-19 0:00,4.1,,0,0,58
211,2019-03-19 1:00,3.4,,0.1,0,62
211,2019-03-19 2:00,2.4,,0.1,0,67
211,2019-03-19 3:00,1.5,,0,0,71
211,2019-03-19 4:00,0.4,,0,0,75
211,2019-03-19 5:00,0,,0.5,200,77
211,2019-03-19 6:00,-0.8,,0,0,80
211,2019-03-19 7:00,-1.1,,0.1,0,82
211,2019-03-19 8:00,0.5,,0,0,79
211,2019-03-19 9:00,3.1,,0.8,110,65
211,2019-03-19 10:00,7.7,,1,90,43
211,2019-03-19 11:00,11.5,,2.3,160,28
211,2019-03-19 12:00,13.9,,2.9,160,24
211,2019-03-19 13:00,15.3,,3.3,160,25
211,2019-03-19 14:00,16.3,,3.9,160,27
211,2019-03-19 15:00,16.9,,3.1,160,26
211,2019-03-19 16:00,17.2,,3.3,140,28
211,2019-03-19 17:00,17,,2.5,160,30
211,2019-03-19 18:00,16.1,,1.5,160,33
211,2019-03-19 19:00,11.5,,0.8,320,47
211,2019-03-19 20:00,9.6,,0.4,0,54
211,2019-03-19 21:00,8,,0.6,230,60
211,2019-03-19 22:00,6.6,,0,0,65
211,2019-03-19 23:00,5.6,,0.2,0,70
211,2019-03-20 0:00,4.7,,0.6,340,75
211,2019-03-20 1:00,3.9,,0.3,0,79
211,2019-03-20 2:00,3.5,,0,0,80
211,2019-03-20 3:00,3.7,,0.4,0,82
211,2019-03-20 4:00,3.3,,0.1,0,82
211,2019-03-20 5:00,3.2,,0,0,83
211,2019-03-20 6:00,2.7,,0.1,0,85
211,2019-03-20 7:00,2.7,,0.2,0,86
211,2019-03-20 8:00,4.3,,0.3,0,79
211,2019-03-20 9:00,5.6,,0.4,0,75
211,2019-03-20 10:00,8.4,,0.7,160,65
211,2019-03-20 11:00,11.4,,0.5,90,55
211,2019-03-20 12:00,13.5,,0.2,0,47
211,2019-03-20 13:00,14.4,,1.1,180,42
211,2019-03-20 14:00,15.7,,2.1,180,37
211,2019-03-20 15:00,15.2,,2.1,160,40
211,2019-03-20 16:00,15.6,,0.9,180,40
211,2019-03-20 17:00,15.8,,3.7,230,34
211,2019-03-20 18:00,14.4,0,2.2,250,40
211,2019-03-20 19:00,11.7,,0.9,230,64
211,2019-03-20 20:00,9.4,,1.5,340,88
211,2019-03-20 21:00,8.9,3,1.9,20,93
211,2019-03-20 22:00,8.6,,1.8,50,94
211,2019-03-20 23:00,8.5,,2.2,20,94
211,2019-03-21 0:00,8.3,12.5,1.6,20,94
211,2019-03-21 1:00,8.2,,1.4,20,94
211,2019-03-21 2:00,8.1,,1.8,50,94
211,2019-03-21 3:00,7.9,6.5,0.4,0,95
211,2019-03-21 4:00,7.7,,0.1,0,95
211,2019-03-21 5:00,7.6,,0.6,180,97
211,2019-03-21 6:00,7.9,1.5,2,180,97
211,2019-03-21 7:00,8.4,,1.7,180,96
211,2019-03-21 8:00,9.2,,2.7,160,91
211,2019-03-21 9:00,9.7,0.5,4.7,160,88
211,2019-03-21 10:00,9.4,,3.8,160,90
211,2019-03-21 11:00,9.8,,4.4,160,84
211,2019-03-21 12:00,9.9,0.5,4.9,160,80
211,2019-03-21 13:00,10,,4.8,160,74
211,2019-03-21 14:00,10,,4.4,180,69
211,2019-03-21 15:00,10.3,,4.4,180,65
211,2019-03-21 16:00,10.8,,4.5,160,56
211,2019-03-21 17:00,10.7,,4.1,180,51
211,2019-03-21 18:00,8.5,,1.5,290,47
211,2019-03-21 19:00,6.8,,3,230,44
211,2019-03-21 20:00,5.1,,3.1,200,50
211,2019-03-21 21:00,4.1,,2.6,180,56
211,2019-03-21 22:00,3.2,,1.5,200,62
211,2019-03-21 23:00,1.2,,0.8,320,77
211,2019-03-22 0:00,0.9,,0.5,230,81
211,2019-03-22 1:00,2.3,,1.8,200,69
211,2019-03-22 2:00,0.5,,0.7,230,80
211,2019-03-22 3:00,1.7,,1.9,230,72
211,2019-03-22 4:00,1.6,,1.7,200,74
211,2019-03-22 5:00,1.5,,2.8,200,73
211,2019-03-22 6:00,1.3,,3,180,74
211,2019-03-22 7:00,1.1,,1.9,200,74
211,2019-03-22 8:00,1.3,,1.7,180,72
211,2019-03-22 9:00,1.7,,2.3,180,70
211,2019-03-22 10:00,2.3,,2,180,64
211,2019-03-22 11:00,3.2,,2.4,180,60
211,2019-03-22 12:00,4.4,,3.1,160,53
211,2019-03-22 13:00,6.1,,2.9,140,46
211,2019-03-22 14:00,6.7,,3.2,180,39
211,2019-03-22 15:00,6.4,,3.1,180,36
211,2019-03-22 16:00,7.3,,3.5,180,34
211,2019-03-22 17:00,7.7,,3.4,180,29
211,2019-03-22 18:00,6.5,,1.4,290,25
211,2019-03-22 19:00,5.7,,1.7,320,28
211,2019-03-22 20:00,3.8,,1.1,70,30
211,2019-03-22 21:00,1.6,,0.7,250,50
211,2019-03-22 22:00,0,,0.4,0,60
211,2019-03-22 23:00,-0.7,,0.5,270,63
211,2019-03-23 0:00,-1.5,,0.2,0,68
211,2019-03-23 1:00,-2,,0.3,0,74
211,2019-03-23 2:00,-2.5,,0.2,0,77
211,2019-03-23 3:00,-2.6,,0.5,270,77
211,2019-03-23 4:00,-3.2,,0.5,360,80
211,2019-03-23 5:00,-3.8,,0,0,84
211,2019-03-23 6:00,-4,,0,0,86
211,2019-03-23 7:00,-4.2,,0.1,0,86
211,2019-03-23 8:00,-2.1,,0.4,0,81
211,2019-03-23 9:00,1.6,,2.1,140,55
211,2019-03-23 10:00,3.7,,4.2,160,43
211,2019-03-23 11:00,4.6,,3.8,160,45
211,2019-03-23 12:00,3.4,,3.5,230,58
211,2019-03-23 13:00,1.8,,1.3,160,87
211,2019-03-23 14:00,2.1,,2.9,140,84
211,2019-03-23 15:00,2.8,0.5,2.4,160,78
211,2019-03-23 16:00,5.1,,3.5,160,63
211,2019-03-23 17:00,5.2,,2.8,200,49
211,2019-03-23 18:00,3.9,,2.4,180,52
211,2019-03-23 19:00,2.3,,1,180,60
211,2019-03-23 20:00,0.9,,0.4,0,64
211,2019-03-23 21:00,0.5,,0.5,290,67
211,2019-03-23 22:00,-0.4,,0.4,0,75
211,2019-03-23 23:00,-1.5,,0.1,0,80
211,2019-03-24 0:00,-2.1,,0.5,290,83
211,2019-03-24 1:00,-2.4,,0.1,0,84
211,2019-03-24 2:00,-3.1,,0.4,0,86
211,2019-03-24 3:00,-3.3,,0.5,270,88
211,2019-03-24 4:00,-3.6,,0.3,0,89
211,2019-03-24 5:00,-4.2,,0.1,0,89
211,2019-03-24 6:00,-4.6,,0.4,0,87
211,2019-03-24 7:00,-4.5,,0.3,0,89
211,2019-03-24 8:00,-2.2,,0.6,160,81
211,2019-03-24 9:00,0.7,,1.6,160,57
211,2019-03-24 10:00,3,,2.9,160,44
211,2019-03-24 11:00,4.5,,4,180,38
211,2019-03-24 12:00,5.7,,5,180,31
211,2019-03-24 13:00,7,,5.5,160,28
211,2019-03-24 14:00,7.8,,5.5,160,26
211,2019-03-24 15:00,8.7,,5.6,160,25
211,2019-03-24 16:00,9,,4.8,160,26
211,2019-03-24 17:00,8.2,,5.7,160,28
211,2019-03-24 18:00,7.1,,4.8,160,31
211,2019-03-24 19:00,6.2,,4.5,160,35
211,2019-03-24 20:00,5.5,,3.9,160,39
211,2019-03-24 21:00,4.6,,3.4,180,40
211,2019-03-24 22:00,4,,2.6,160,38
211,2019-03-24 23:00,3,,3.3,180,46
211,2019-03-25 0:00,2.4,,2.4,180,49
211,2019-03-25 1:00,2,,2.1,180,51
211,2019-03-25 2:00,1.4,,2.4,200,54
211,2019-03-25 3:00,0.7,,1.7,230,60
211,2019-03-25 4:00,-1.4,,0.4,0,74
211,2019-03-25 5:00,-1.3,,0.2,0,77
211,2019-03-25 6:00,-0.3,,0.6,200,72
211,2019-03-25 7:00,0.5,,0.1,0,72
211,2019-03-25 8:00,1.5,,0.1,0,69
211,2019-03-25 9:00,2.6,,0.7,200,71
211,2019-03-25 10:00,4,,1.3,160,68
211,2019-03-25 11:00,4.9,,1.9,140,67
211,2019-03-25 12:00,5.7,,2,160,65
211,2019-03-25 13:00,6.4,,2.7,140,62
211,2019-03-25 14:00,6.9,,3.3,160,60
211,2019-03-25 15:00,6.9,,0.7,20,61
211,2019-03-25 16:00,7.3,,1.1,200,62
211,2019-03-25 17:00,7.6,,0.6,250,61
211,2019-03-25 18:00,7.2,,0.2,0,67
211,2019-03-25 19:00,6.4,,0.4,0,72
211,2019-03-25 20:00,5.8,,0.1,0,76
211,2019-03-25 21:00,5.4,,0.4,0,78
211,2019-03-25 22:00,5.8,,1.3,200,76
211,2019-03-25 23:00,4.6,,1,230,80
211,2019-03-26 0:00,4.6,,1.3,230,77
211,2019-03-26 1:00,6.6,,2.6,180,64
211,2019-03-26 2:00,3.3,,0.8,230,78
211,2019-03-26 3:00,2.9,,1,200,76
211,2019-03-26 4:00,3.2,,0.8,200,79
211,2019-03-26 5:00,3.7,,0.5,70,74
211,2019-03-26 6:00,4.1,,2,180,73
211,2019-03-26 7:00,3.9,,1.9,160,75
211,2019-03-26 8:00,5.5,,2.4,160,66
211,2019-03-26 9:00,7.7,,2.8,180,61
211,2019-03-26 10:00,9.7,,3,180,56
211,2019-03-26 11:00,11,,3.2,180,49
211,2019-03-26 12:00,13.5,,2.9,180,33
211,2019-03-26 13:00,14.9,,2.3,180,27
211,2019-03-26 14:00,15.7,,2.5,320,22
211,2019-03-26 15:00,15.8,,4.5,200,22
211,2019-03-26 16:00,16.5,,1.6,200,20
211,2019-03-26 17:00,16.1,,2.8,230,20
211,2019-03-26 18:00,14.8,,2.4,180,18
211,2019-03-26 19:00,10.3,,0.4,0,33
211,2019-03-26 20:00,8.3,,0.2,0,42
211,2019-03-26 21:00,6.3,,0.3,0,54
211,2019-03-26 22:00,5.4,,0.2,0,57
211,2019-03-26 23:00,4.3,,0.4,0,62
211,2019-03-27 0:00,4.3,,0.8,160,61
211,2019-03-27 1:00,3.6,,0.2,0,65
211,2019-03-27 2:00,2.5,,0.3,0,72
211,2019-03-27 3:00,1.7,,0.1,0,76
211,2019-03-27 4:00,4.6,,1.6,200,64
211,2019-03-27 5:00,5.6,,2.1,180,62
211,2019-03-27 6:00,8.7,,2.6,160,54
211,2019-03-27 7:00,8.5,,0.9,230,60
211,2019-03-27 8:00,9.9,,1.8,140,63
211,2019-03-27 9:00,10.4,,3.1,180,66
211,2019-03-27 10:00,10.7,,4.4,180,67
211,2019-03-27 11:00,11.1,,3.7,160,66
211,2019-03-27 12:00,12,,4.1,180,64
211,2019-03-27 13:00,12.4,,1.6,340,62
211,2019-03-27 14:00,13,,0.5,160,61
211,2019-03-27 15:00,15.3,,3.8,180,46
211,2019-03-27 16:00,15.5,,5.1,180,45
211,2019-03-27 17:00,14.7,,3.3,230,50
211,2019-03-27 18:00,14.1,0,2.1,160,52
211,2019-03-27 19:00,13.4,,1.1,360,54
211,2019-03-27 20:00,13,,2,180,57
211,2019-03-27 21:00,7.8,,3.2,50,77
211,2019-03-27 22:00,7.2,,3.6,50,80
211,2019-03-27 23:00,6.9,,3.2,50,79
211,2019-03-28 0:00,6.6,,2.8,50,80
211,2019-03-28 1:00,6.7,,3.1,50,80
211,2019-03-28 2:00,6.3,,2.8,50,81
211,2019-03-28 3:00,6.3,,2.9,20,78
211,2019-03-28 4:00,5.9,,3,50,78
211,2019-03-28 5:00,5,,2.6,20,84
211,2019-03-28 6:00,3.9,0.5,2.3,50,89
211,2019-03-28 7:00,4.1,,2.1,70,85
211,2019-03-28 8:00,4.6,,2.2,50,82
211,2019-03-28 9:00,5.7,,2.5,70,77
211,2019-03-28 10:00,7.5,,3.1,50,67
211,2019-03-28 11:00,8.1,,3,20,62
211,2019-03-28 12:00,9.6,,3.3,20,56
211,2019-03-28 13:00,11.5,,2.3,20,49
211,2019-03-28 14:00,12.2,,3.3,50,48
211,2019-03-28 15:00,11.1,,4,50,50
211,2019-03-28 16:00,9.4,,4.8,50,57
211,2019-03-28 17:00,8.2,,3.9,50,63
211,2019-03-28 18:00,6.9,,3.8,50,68
211,2019-03-28 19:00,5.9,,3.7,50,72
211,2019-03-28 20:00,5.8,,2.6,50,73
211,2019-03-28 21:00,5.3,,1.9,50,74
211,2019-03-28 22:00,5.1,,2.1,20,76
211,2019-03-28 23:00,4.7,,1.6,50,79
211,2019-03-29 0:00,4.8,,1.9,20,77
211,2019-03-29 1:00,4.7,,1.9,50,78
211,2019-03-29 2:00,4.5,,0.8,360,78
211,2019-03-29 3:00,4.1,0,0.2,0,80
211,2019-03-29 4:00,3.2,,0.5,50,84
211,2019-03-29 5:00,3.3,,0.5,320,83
211,2019-03-29 6:00,3.2,,0.5,360,82
211,2019-03-29 7:00,2.8,,0.1,0,83
211,2019-03-29 8:00,3.9,,0.2,0,80
211,2019-03-29 9:00,6.1,,1,50,64
211,2019-03-29 10:00,8.8,,1.3,50,46
211,2019-03-29 11:00,10.1,,2.7,180,38
211,2019-03-29 12:00,12.4,,3.8,180,33
211,2019-03-29 13:00,12.2,,3.9,200,30
211,2019-03-29 14:00,13.7,,4,180,28
211,2019-03-29 15:00,13.9,,3.8,180,26
211,2019-03-29 16:00,14.1,,2.2,230,26
211,2019-03-29 17:00,14.6,,1.1,50,26
211,2019-03-29 18:00,9.1,,4.3,20,55
211,2019-03-29 19:00,7.5,,3.1,50,64
211,2019-03-29 20:00,6.8,,2.6,50,67
211,2019-03-29 21:00,6.5,,2.5,20,69
211,2019-03-29 22:00,6.1,,2,50,71
211,2019-03-29 23:00,6,,1.9,50,72
211,2019-03-30 0:00,5.8,,2.4,50,72
211,2019-03-30 1:00,5.8,,2.5,50,71
211,2019-03-30 2:00,5.2,,1.7,20,76
211,2019-03-30 3:00,4.1,0.5,0.4,0,87
211,2019-03-30 4:00,3.7,,0.6,320,90
211,2019-03-30 5:00,3.8,,2,160,88
211,2019-03-30 6:00,3.8,1,2.4,160,88
211,2019-03-30 7:00,3.7,,2.9,160,88
211,2019-03-30 8:00,3.8,,2.6,180,87
211,2019-03-30 9:00,3.9,0,3.9,180,86
211,2019-03-30 10:00,4.2,,3.6,160,84
211,2019-03-30 11:00,4.6,,2.5,160,83
211,2019-03-30 12:00,5.7,0,3.4,180,77
211,2019-03-30 13:00,6.9,,4.3,180,64
211,2019-03-30 14:00,7.2,,4.3,180,63
211,2019-03-30 15:00,4.9,0,2.9,180,79
211,2019-03-30 16:00,5.2,,3.4,160,81
211,2019-03-30 17:00,6.3,,4.5,160,58
211,2019-03-30 18:00,5.9,1,3.8,160,48
211,2019-03-30 19:00,3.7,,3.4,160,63
211,2019-03-30 20:00,2.8,,3.3,160,74
211,2019-03-30 21:00,2.4,0,3.4,160,75
211,2019-03-30 22:00,1.9,,3.3,160,78
211,2019-03-30 23:00,2.3,,2.6,200,74
211,2019-03-31 0:00,2.2,0,3.1,160,75
211,2019-03-31 1:00,2.2,,2.4,180,75
211,2019-03-31 2:00,2.2,,2.8,180,77
211,2019-03-31 3:00,2.4,,3,180,77
211,2019-03-31 4:00,2.5,,2.4,160,75
211,2019-03-31 5:00,2.6,,1.6,180,75
211,2019-03-31 6:00,2.7,,2.1,140,75
211,2019-03-31 7:00,2.8,,3,180,75
211,2019-03-31 8:00,2.6,,3.8,180,78
211,2019-03-31 9:00,2.3,0.1,2.6,180,82
211,2019-03-31 10:00,2.2,,3,160,82
211,2019-03-31 11:00,2.8,,1.6,230,81
211,2019-03-31 12:00,3.1,0.4,3.6,180,73
211,2019-03-31 13:00,3.2,,2.9,160,71
211,2019-03-31 14:00,3.2,,3.1,180,68
211,2019-03-31 15:00,2.8,0,3.6,160,73
211,2019-03-31 16:00,2.7,,2.2,140,75
211,2019-03-31 17:00,3.2,,3.4,160,71
211,2019-03-31 18:00,3.4,0,3.1,160,66
211,2019-03-31 19:00,2.9,,1.7,180,67
211,2019-03-31 20:00,0.7,,0.6,360,83
211,2019-03-31 21:00,-0.8,,0.4,0,89
211,2019-03-31 22:00,-1.1,,0.3,0,91
211,2019-03-31 23:00,-1.6,,0.4,0,92
211,2019-04-01 0:00,-1.9,,0.1,0,91
211,2019-04-01 1:00,-2.9,,0,0,93
211,2019-04-01 2:00,-3.1,,0,0,93
211,2019-04-01 3:00,-3.7,,0.2,0,93
211,2019-04-01 4:00,-4,,0.2,0,92
211,2019-04-01 5:00,-4.2,,0.2,0,90
211,2019-04-01 6:00,-4.5,,0.1,0,91
211,2019-04-01 7:00,-4.5,,0.2,0,90
211,2019-04-01 8:00,-1.9,,1.3,50,82
211,2019-04-01 9:00,0.7,,1.2,180,69
211,2019-04-01 10:00,4.1,,2.6,160,43
211,2019-04-01 11:00,5.5,,2.1,200,33
211,2019-04-01 12:00,6.8,,1.8,20,25
211,2019-04-01 13:00,7.6,,3.1,360,19
211,2019-04-01 14:00,7.9,,2.8,340,19
211,2019-04-01 15:00,8,,2.8,70,19
211,2019-04-01 16:00,7.6,,3.1,290,22
211,2019-04-01 17:00,7.8,,4.2,180,22
211,2019-04-01 18:00,7.2,,1.5,160,25
211,2019-04-01 19:00,6.5,,2.7,180,31
211,2019-04-01 20:00,2.9,,0.6,340,51
211,2019-04-01 21:00,1.9,,0.5,250,57
211,2019-04-01 22:00,0.8,,0.1,0,62
211,2019-04-01 23:00,-0.3,,0.1,0,69
211,2019-04-02 0:00,-1,,0,0,74
211,2019-04-02 1:00,-1.8,,0.1,0,78
211,2019-04-02 2:00,-2.4,,0.1,0,81
211,2019-04-02 3:00,-3,,0,0,85
211,2019-04-02 4:00,-3.3,,0,0,86
211,2019-04-02 5:00,-3.7,,0.1,0,88
211,2019-04-02 6:00,-4,,0.1,0,89
211,2019-04-02 7:00,-4,,0,0,88
211,2019-04-02 8:00,-0.9,,0.5,110,78
211,2019-04-02 9:00,2.3,,0.7,70,64
211,2019-04-02 10:00,6,,3,160,38
211,2019-04-02 11:00,7.6,,1.7,160,33
211,2019-04-02 12:00,8.7,,2.4,340,24
211,2019-04-02 13:00,9.6,,2.1,360,21
211,2019-04-02 14:00,11.4,,3.8,160,18
211,2019-04-02 15:00,11.2,,2.4,160,16
211,2019-04-02 16:00,10,,2.2,180,20
211,2019-04-02 17:00,9.6,,1.9,90,20
211,2019-04-02 18:00,9.7,,1.2,180,19
211,2019-04-02 19:00,8.8,,1.7,200,21
211,2019-04-02 20:00,5.2,,0.3,0,34
211,2019-04-02 21:00,3.7,,0.3,0,42
211,2019-04-02 22:00,2.4,,0.5,320,48
211,2019-04-02 23:00,1.5,,0.3,0,56
211,2019-04-03 0:00,0.7,,0.7,20,59
211,2019-04-03 1:00,-0.3,,0.9,320,65
211,2019-04-03 2:00,-1.3,,0.2,0,71
211,2019-04-03 3:00,-1.7,,0.6,340,71
211,2019-04-03 4:00,-2.1,,1,360,73
211,2019-04-03 5:00,-2.8,,0.8,360,78
211,2019-04-03 6:00,-3.5,,0.1,0,81
211,2019-04-03 7:00,-3.1,,0.5,20,79
211,2019-04-03 8:00,-1.1,,0.7,140,69
211,2019-04-03 9:00,2.8,,0.6,140,52
211,2019-04-03 10:00,7.4,,2.6,160,36
211,2019-04-03 11:00,9.1,,4,160,27
211,2019-04-03 12:00,10.4,,4,180,22
211,2019-04-03 13:00,11.1,,4.9,160,21
211,2019-04-03 14:00,11.6,,5.2,160,21
211,2019-04-03 15:00,12.3,,5.3,160,18
211,2019-04-03 16:00,12.5,,5.2,160,19
211,2019-04-03 17:00,12.2,,4.8,160,19
211,2019-04-03 18:00,11.4,,3.7,180,20
211,2019-04-03 19:00,10.3,,3.3,200,23
211,2019-04-03 20:00,9.7,,2.7,200,26
211,2019-04-03 21:00,8.7,,3.7,160,30
211,2019-04-03 22:00,7.9,,3.7,180,32
211,2019-04-03 23:00,6.9,,3.4,160,34
211,2019-04-04 0:00,5.8,,2.1,200,35
211,2019-04-04 1:00,2.2,,0.7,290,54
211,2019-04-04 2:00,1.3,,0.6,250,59
211,2019-04-04 3:00,0.4,,0.9,320,61
211,2019-04-04 4:00,-0.6,,0.3,0,66
211,2019-04-04 5:00,-0.8,,0.4,0,68
211,2019-04-04 6:00,-1.7,,0.5,20,72
211,2019-04-04 7:00,-1.2,,0,0,70
211,2019-04-04 8:00,2.6,,2.6,160,50
211,2019-04-04 9:00,5.8,,2.2,180,39
211,2019-04-04 10:00,8.7,,4.3,160,29
211,2019-04-04 11:00,10.3,,4.1,180,28
211,2019-04-04 12:00,12.4,,4.9,160,27
211,2019-04-04 13:00,14.2,,4.4,160,27
211,2019-04-04 14:00,15.3,,5.7,160,27
211,2019-04-04 15:00,15.5,,6.3,160,25
211,2019-04-04 16:00,15.5,,6.4,180,25
211,2019-04-04 17:00,15.2,,4.4,160,23
211,2019-04-04 18:00,14,,4.4,160,23
211,2019-04-04 19:00,12.9,,3.8,180,23
211,2019-04-04 20:00,11.9,,5.3,160,20
211,2019-04-04 21:00,11.2,,5.1,160,22
211,2019-04-04 22:00,10.7,,4.1,160,24
211,2019-04-04 23:00,10,,4.4,140,27
211,2019-04-05 0:00,9.6,,5.4,160,27
211,2019-04-05 1:00,9,,5.5,160,25
211,2019-04-05 2:00,8.6,,6,160,20
211,2019-04-05 3:00,8.1,,5.8,180,22
211,2019-04-05 4:00,7.8,,5.8,160,27
211,2019-04-05 5:00,7.6,,5,160,34
211,2019-04-05 6:00,7.6,,4.6,160,45
211,2019-04-05 7:00,7.2,,4,160,57
211,2019-04-05 8:00,6.6,,5.4,180,67
211,2019-04-05 9:00,7.3,,4,160,70
211,2019-04-05 10:00,9.2,,5.2,180,66
211,2019-04-05 11:00,10.8,,5.1,180,58
211,2019-04-05 12:00,13,,5.4,180,47
211,2019-04-05 13:00,14.6,,5.2,160,38
211,2019-04-05 14:00,16.6,,4.5,180,27
211,2019-04-05 15:00,17.3,,3.8,230,15
211,2019-04-05 16:00,17.2,,4.2,160,13
211,2019-04-05 17:00,17.3,,2.3,320,11
211,2019-04-05 18:00,15.8,,2,200,12
211,2019-04-05 19:00,13.8,,1.2,200,14
211,2019-04-05 20:00,10.3,,0.9,290,25
211,2019-04-05 21:00,8.5,,0.8,50,29
211,2019-04-05 22:00,7.4,,0.9,340,33
211,2019-04-05 23:00,6.5,,0.3,0,37
211,2019-04-06 0:00,5.5,,0.3,0,44
211,2019-04-06 1:00,4.7,,0.3,0,50
211,2019-04-06 2:00,3.2,,0.2,0,51
211,2019-04-06 3:00,2.8,,0.2,0,54
211,2019-04-06 4:00,3.1,,0.1,0,52
211,2019-04-06 5:00,3,,0.3,0,56
211,2019-04-06 6:00,2.4,,0.6,140,63
211,2019-04-06 7:00,2.6,,0.5,160,58
211,2019-04-06 8:00,4.1,,0.3,0,53
211,2019-04-06 9:00,5.9,,0.7,160,47
211,2019-04-06 10:00,9.8,,1.1,160,33
211,2019-04-06 11:00,10.3,,3.3,180,29
211,2019-04-06 12:00,12.1,,3.5,180,22
211,2019-04-06 13:00,13.6,,2,160,20
211,2019-04-06 14:00,12.6,0,3.8,290,26
211,2019-04-06 15:00,11.4,0,1.7,200,40
211,2019-04-06 16:00,11.1,0,1.9,320,40
211,2019-04-06 17:00,10.5,,2.3,320,43
211,2019-04-06 18:00,9.1,0.1,1.4,320,61
211,2019-04-06 19:00,7,0.4,2.4,20,81
211,2019-04-06 20:00,5.7,3.5,1.3,200,92
211,2019-04-06 21:00,5.8,0,1.5,180,92
211,2019-04-06 22:00,5.4,0,0.6,180,93
211,2019-04-06 23:00,4.5,,0.3,0,95
211,2019-04-07 0:00,4.3,,0.5,270,96
211,2019-04-07 1:00,4.3,,0.3,0,96
211,2019-04-07 2:00,4.2,,1,340,95
211,2019-04-07 3:00,3.9,,0.6,340,94
211,2019-04-07 4:00,3.8,,0.5,360,93
211,2019-04-07 5:00,3.7,,0.7,340,93
211,2019-04-07 6:00,3.6,,0.6,360,94
211,2019-04-07 7:00,3.5,,1.4,50,94
211,2019-04-07 8:00,3.5,,1.7,360,92
211,2019-04-07 9:00,4.3,,1.7,20,89
211,2019-04-07 10:00,6.8,,1.5,90,86
211,2019-04-07 11:00,9,,2.1,140,72
211,2019-04-07 12:00,12.8,,2.8,160,47
211,2019-04-07 13:00,15.6,,3.7,140,35
211,2019-04-07 14:00,16.2,,3.5,160,27
211,2019-04-07 15:00,17.5,,2.2,180,23
211,2019-04-07 16:00,17.9,,2.4,180,23
211,2019-04-07 17:00,17.3,,2.9,180,24
211,2019-04-07 18:00,16.6,,1.7,180,25
211,2019-04-07 19:00,13.2,,1.3,20,40
211,2019-04-07 20:00,10.4,,0.4,0,55
211,2019-04-07 21:00,8.6,,0.4,0,62
211,2019-04-07 22:00,7,,0.6,270,67
211,2019-04-07 23:00,5.8,,0.2,0,71
211,2019-04-08 0:00,5.8,,0.3,0,71
211,2019-04-08 1:00,6.2,,0.4,0,72
211,2019-04-08 2:00,5.8,,0.5,340,76
211,2019-04-08 3:00,4.3,,0.5,180,82
211,2019-04-08 4:00,3.2,,0.3,0,81
211,2019-04-08 5:00,2.4,,0.4,0,82
211,2019-04-08 6:00,1.6,,0.5,20,82
211,2019-04-08 7:00,1.9,,0.1,0,77
211,2019-04-08 8:00,4.9,,1.4,180,75
211,2019-04-08 9:00,11.1,,3.2,160,27
211,2019-04-08 10:00,13,,1.6,320,21
211,2019-04-08 11:00,13.7,,2.9,180,16
211,2019-04-08 12:00,14.1,,3.9,340,14
211,2019-04-08 13:00,15.2,,4.2,180,14
211,2019-04-08 14:00,15.5,,2.4,200,13
211,2019-04-08 15:00,16.3,,3.6,160,14
211,2019-04-08 16:00,16.4,,2.7,320,13
211,2019-04-08 17:00,14.3,,4.6,50,19
211,2019-04-08 18:00,11.8,,4.6,360,23
211,2019-04-08 19:00,10.7,,1.3,70,25
211,2019-04-08 20:00,8.3,,0.9,320,34
211,2019-04-08 21:00,6.6,,1.1,320,40
211,2019-04-08 22:00,5.3,,1,340,46
211,2019-04-08 23:00,4.1,,0.9,20,50
211,2019-04-09 0:00,3.9,,1.3,20,51
211,2019-04-09 1:00,3.5,,1.2,360,52
211,2019-04-09 2:00,2.8,,1.2,360,55
211,2019-04-09 3:00,2.1,,1,360,59
211,2019-04-09 4:00,1.7,,1.3,340,60
211,2019-04-09 5:00,0.9,,1,340,64
211,2019-04-09 6:00,0.5,,1.7,20,67
211,2019-04-09 7:00,0.4,,2.4,360,70
211,2019-04-09 8:00,2.4,,2.5,360,57
211,2019-04-09 9:00,5.2,,1.9,340,45
211,2019-04-09 10:00,9.7,,0.7,320,33
211,2019-04-09 11:00,14,,2.9,20,17
211,2019-04-09 12:00,13.4,,3.5,20,20
211,2019-04-09 13:00,12.8,,2.5,70,24
211,2019-04-09 14:00,12,,3.3,20,27
211,2019-04-09 15:00,11.3,,3.1,20,29
211,2019-04-09 16:00,10.2,,2.4,90,38
211,2019-04-09 17:00,9.5,,1.7,70,41
211,2019-04-09 18:00,8.7,,2.6,160,46
211,2019-04-09 19:00,6.2,0,0.9,140,71
211,2019-04-09 20:00,5.4,0.5,2.3,360,79
211,2019-04-09 21:00,4.7,1.5,2.8,20,84
211,2019-04-09 22:00,4.3,1.5,1.6,50,88
211,2019-04-09 23:00,3.8,2,1.5,50,89
211,2019-04-10 0:00,3.9,1.5,3.2,20,87
211,2019-04-10 1:00,3.8,1,3.3,360,86
211,2019-04-10 2:00,3.6,0.5,2.7,50,89
211,2019-04-10 3:00,3.8,0,3,360,88
211,2019-04-10 4:00,4,,2.3,20,86
211,2019-04-10 5:00,4.3,,2.4,20,83
211,2019-04-10 6:00,4.3,0,2.3,20,84
211,2019-04-10 7:00,4.4,0,3.4,20,82
211,2019-04-10 8:00,4.9,,3.7,360,80
211,2019-04-10 9:00,5.5,,4.2,20,77
211,2019-04-10 10:00,6.1,,3.7,20,75
211,2019-04-10 11:00,6.4,,3,360,74
211,2019-04-10 12:00,6.5,0,3.3,20,78
211,2019-04-10 13:00,6.9,0.5,3.5,20,76
211,2019-04-10 14:00,7.9,0,3.3,20,74
211,2019-04-10 15:00,8,,4.4,360,65
211,2019-04-10 16:00,8.1,,3.7,20,61
211,2019-04-10 17:00,7.9,,3.2,360,63
211,2019-04-10 18:00,7.3,,2.5,20,69
211,2019-04-10 19:00,6.7,,2.3,20,71
211,2019-04-10 20:00,5.8,,1,360,77
211,2019-04-10 21:00,4.2,,1.4,340,85
211,2019-04-10 22:00,3.1,,0.9,320,89
211,2019-04-10 23:00,2.2,,1.2,360,92
211,2019-04-11 0:00,1.6,,1,340,92
211,2019-04-11 1:00,1.7,,0.5,360,92
211,2019-04-11 2:00,2.2,,1.5,50,93
211,2019-04-11 3:00,2.2,,1.7,50,94
211,2019-04-11 4:00,2.2,,1.4,50,94
211,2019-04-11 5:00,2.1,,1.8,50,94
211,2019-04-11 6:00,2.2,,1.6,50,94
211,2019-04-11 7:00,2.7,,1.5,50,92
211,2019-04-11 8:00,3.1,,1,50,89
211,2019-04-11 9:00,3.8,,0.9,290,87
211,2019-04-11 10:00,6.1,,1.4,140,77
211,2019-04-11 11:00,9.4,,2.1,160,63
211,2019-04-11 12:00,12.8,,2.1,160,46
211,2019-04-11 13:00,12.7,,2.5,230,34
211,2019-04-11 14:00,13,,2.2,180,30
211,2019-04-11 15:00,13,,1,90,30
211,2019-04-11 16:00,13.2,,1.4,180,31
211,2019-04-11 17:00,13.1,,3.2,160,34
211,2019-04-11 18:00,11.1,,2.9,20,48
211,2019-04-11 19:00,10.1,,1.7,50,56
211,2019-04-11 20:00,8.4,,0.8,320,66
211,2019-04-11 21:00,7.5,,0.9,20,72
211,2019-04-11 22:00,7.1,,0.9,20,73
211,2019-04-11 23:00,6.3,,1,360,76
211,2019-04-12 0:00,5.3,,0.6,320,80
211,2019-04-12 1:00,5,,0.3,0,82
211,2019-04-12 2:00,4.7,,0.2,0,83
211,2019-04-12 3:00,4.2,,0.1,0,86
211,2019-04-12 4:00,3.3,,0.2,0,88
211,2019-04-12 5:00,2.9,,0.3,0,89
211,2019-04-12 6:00,2.5,,0.9,340,92
211,2019-04-12 7:00,2.2,,0.3,0,93
211,2019-04-12 8:00,4.1,,0.4,0,85
211,2019-04-12 9:00,7.2,,0.7,140,71
211,2019-04-12 10:00,11,,3.1,180,48
211,2019-04-12 11:00,13.9,,3.2,160,34
211,2019-04-12 12:00,15.3,,2.8,160,30
211,2019-04-12 13:00,15.9,,2.7,140,24
211,2019-04-12 14:00,16.2,,1.9,50,22
211,2019-04-12 15:00,16.6,,2.9,180,19
211,2019-04-12 16:00,16.6,,5.1,180,22
211,2019-04-12 17:00,16.4,,2.9,160,21
211,2019-04-12 18:00,15.4,,1.5,250,23
211,2019-04-12 19:00,11.9,,0.5,320,35
211,2019-04-12 20:00,10.2,,0.5,290,40
211,2019-04-12 21:00,8.4,,0.3,0,52
211,2019-04-12 22:00,7,,0.2,0,63
211,2019-04-12 23:00,5.6,,0.2,0,71
211,2019-04-13 0:00,4.9,,0.4,0,69
211,2019-04-13 1:00,4,,0.1,0,72
211,2019-04-13 2:00,3.3,,0.2,0,75
211,2019-04-13 3:00,2.6,,0.2,0,78
211,2019-04-13 4:00,2.1,,0.1,0,81
211,2019-04-13 5:00,1.6,,0,0,83
211,2019-04-13 6:00,1.1,,0.3,0,84
211,2019-04-13 7:00,1.8,,0.4,0,84
211,2019-04-13 8:00,4.3,,0.4,0,73
211,2019-04-13 9:00,7.7,,0.9,180,60
211,2019-04-13 10:00,12.1,,2.9,160,35
211,2019-04-13 11:00,14.1,,4.5,180,23
211,2019-04-13 12:00,15.3,,5,160,18
211,2019-04-13 13:00,15.8,,4.2,140,21
211,2019-04-13 14:00,16.3,,4.3,160,19
211,2019-04-13 15:00,16.9,,3.9,180,18
211,2019-04-13 16:00,16.7,,3.9,160,19
211,2019-04-13 17:00,16.4,,4.1,160,18
211,2019-04-13 18:00,15.5,,3.1,160,18
211,2019-04-13 19:00,14.6,,3.5,180,20
211,2019-04-13 20:00,13.8,,2.5,180,23
211,2019-04-13 21:00,11.8,,1.5,200,30
211,2019-04-13 22:00,8.8,,0.6,180,45
211,2019-04-13 23:00,7.6,,0.5,320,51
211,2019-04-14 0:00,7,,0.1,0,55
211,2019-04-14 1:00,6.7,,0.2,0,59
211,2019-04-14 2:00,6.6,,0.6,110,63
211,2019-04-14 3:00,5.6,,0.2,0,65
211,2019-04-14 4:00,4.3,,0.2,0,69
211,2019-04-14 5:00,4,,0.2,0,71
211,2019-04-14 6:00,4.5,,0.3,0,71
211,2019-04-14 7:00,5.9,,2.3,180,62
211,2019-04-14 8:00,7.8,,2.9,160,46
211,2019-04-14 9:00,9,,3.2,200,36
211,2019-04-14 10:00,7.3,0,5,160,59
211,2019-04-14 11:00,5.8,0.4,2.1,160,72
211,2019-04-14 12:00,5.5,0.1,3,160,79
211,2019-04-14 13:00,5.4,1.5,3.1,160,82
211,2019-04-14 14:00,6.5,0.5,3.6,160,83
211,2019-04-14 15:00,7.6,,4.1,160,78
211,2019-04-14 16:00,8.2,0,2.9,180,75
211,2019-04-14 17:00,7.1,1.5,1.9,50,86
211,2019-04-14 18:00,7.5,0,0.7,290,88
211,2019-04-14 19:00,7,0,1,320,91
211,2019-04-14 20:00,5.1,,0.7,250,91
211,2019-04-14 21:00,4.5,,0.9,270,89
211,2019-04-14 22:00,2.8,,0.5,160,93
211,2019-04-14 23:00,2.2,,0.3,0,94
211,2019-04-15 0:00,1.2,,0.1,0,95
211,2019-04-15 1:00,1.2,,0.2,0,95
211,2019-04-15 2:00,1.3,,0.7,270,95
211,2019-04-15 3:00,0.8,,1,340,96
211,2019-04-15 4:00,0.8,,0.4,0,96
211,2019-04-15 5:00,0.7,,1.2,340,95
211,2019-04-15 6:00,0.7,,0.7,340,94
211,2019-04-15 7:00,1.1,,1.1,340,92
211,2019-04-15 8:00,2.4,,1.2,140,87
211,2019-04-15 9:00,4.9,,1.8,160,76
211,2019-04-15 10:00,9,,3,180,46
211,2019-04-15 11:00,11.8,,3.5,180,36
211,2019-04-15 12:00,14.1,,3.7,180,30
211,2019-04-15 13:00,16.1,,3.8,180,25
211,2019-04-15 14:00,17.6,,4.5,160,21
211,2019-04-15 15:00,18.7,,5.4,160,19
211,2019-04-15 16:00,18.7,,5.1,160,17
211,2019-04-15 17:00,18.3,,4.4,160,18
211,2019-04-15 18:00,16.9,,4.4,180,19
211,2019-04-15 19:00,15.9,,4.2,160,17
211,2019-04-15 20:00,14.6,,3.3,160,20
211,2019-04-15 21:00,13.6,,2.8,140,21
211,2019-04-15 22:00,8.7,,0.9,320,41
211,2019-04-15 23:00,6.8,,0.3,0,49
211,2019-04-16 0:00,5.4,,0.1,0,56
211,2019-04-16 1:00,4.3,,0.3,0,63
211,2019-04-16 2:00,3.4,,0.2,0,68
211,2019-04-16 3:00,2.6,,0.2,0,72
211,2019-04-16 4:00,2,,0.2,0,76
211,2019-04-16 5:00,1.5,,0.1,0,75
211,2019-04-16 6:00,0.9,,0.1,0,78
211,2019-04-16 7:00,2.1,,0,0,78
211,2019-04-16 8:00,5.2,,0.4,0,60
211,2019-04-16 9:00,9.1,,0.8,160,50
211,2019-04-16 10:00,14.5,,2.4,160,28
211,2019-04-16 11:00,16.8,,3,140,25
211,2019-04-16 12:00,18.6,,4.4,160,18
211,2019-04-16 13:00,19.3,,4.9,160,15
211,2019-04-16 14:00,19.6,,3.6,180,15
211,2019-04-16 15:00,20.8,,2.8,200,14
211,2019-04-16 16:00,20.3,,4.6,160,14
211,2019-04-16 17:00,19.8,,4.6,180,13
211,2019-04-16 18:00,19.2,,2,180,14
211,2019-04-16 19:00,18.6,,3.9,160,13
211,2019-04-16 20:00,12.9,,0.7,270,28
211,2019-04-16 21:00,10.8,,0.2,0,33
211,2019-04-16 22:00,8.8,,0.1,0,43
211,2019-04-16 23:00,7.6,,0.2,0,51
211,2019-04-17 0:00,6.4,,0.1,0,54
211,2019-04-17 1:00,5.2,,0,0,58
211,2019-04-17 2:00,4.4,,0.1,0,61
211,2019-04-17 3:00,3.9,,0.5,320,64
211,2019-04-17 4:00,3.5,,0.4,0,66
211,2019-04-17 5:00,3,,0.1,0,68
211,2019-04-17 6:00,2.3,,0.2,0,70
211,2019-04-17 7:00,3.2,,0.2,0,67
211,2019-04-17 8:00,5.7,,0.9,110,57
211,2019-04-17 9:00,9.2,,0.9,160,42
211,2019-04-17 10:00,15.6,,2.1,140,24
211,2019-04-17 11:00,18.9,,3.2,160,17
211,2019-04-17 12:00,20.5,,4.3,180,15
211,2019-04-17 13:00,21.2,,4.5,160,15
211,2019-04-17 14:00,21.6,,3.5,180,15
211,2019-04-17 15:00,22.3,,3,180,15
211,2019-04-17 16:00,22.3,,2.5,140,15
211,2019-04-17 17:00,21.8,,2.9,160,15
211,2019-04-17 18:00,20.6,,4.2,180,17
211,2019-04-17 19:00,19.5,,3.2,180,25
211,2019-04-17 20:00,18.4,,2.6,200,27
211,2019-04-17 21:00,15.3,,1.1,230,35
211,2019-04-17 22:00,12.7,,0.5,180,50
211,2019-04-17 23:00,11.7,,0.5,200,55
211,2019-04-18 0:00,11.2,,0.4,0,57
211,2019-04-18 1:00,11,,1.7,160,60
211,2019-04-18 2:00,12.1,,2.7,160,54
211,2019-04-18 3:00,12.1,,2.1,180,56
211,2019-04-18 4:00,10.2,,1.1,230,66
211,2019-04-18 5:00,9.7,,1.2,230,68
211,2019-04-18 6:00,8.8,,1.4,200,74
211,2019-04-18 7:00,9.9,,0.7,200,69
211,2019-04-18 8:00,11.8,,3.1,160,63
211,2019-04-18 9:00,14.6,,3.7,180,54
211,2019-04-18 10:00,15,,5.1,160,51
211,2019-04-18 11:00,15.9,,4.5,180,43
211,2019-04-18 12:00,15.2,,4.6,160,47
211,2019-04-18 13:00,15.2,,4.8,180,50
211,2019-04-18 14:00,15.1,,3.5,160,55
211,2019-04-18 15:00,15,,2.8,180,58
211,2019-04-18 16:00,14.8,,3.5,180,61
211,2019-04-18 17:00,14.1,,2.2,180,69
211,2019-04-18 18:00,14.2,,3.9,160,69
211,2019-04-18 19:00,14,,2.1,200,70
211,2019-04-18 20:00,13.6,,0.9,230,72
211,2019-04-18 21:00,12.4,,0.6,320,76
211,2019-04-18 22:00,10.6,,1,90,80
211,2019-04-18 23:00,9.7,,1.6,340,82
211,2019-04-19 0:00,8.2,,0.7,290,88
211,2019-04-19 1:00,8.2,,1.6,20,87
211,2019-04-19 2:00,9.4,,1.7,340,81
211,2019-04-19 3:00,9.7,,2.2,20,71
211,2019-04-19 4:00,9.2,,1.3,50,66
211,2019-04-19 5:00,8.5,,2.2,20,62
211,2019-04-19 6:00,7.8,,1.5,50,58
211,2019-04-19 7:00,8.2,,1.8,20,58
211,2019-04-19 8:00,9.4,,2.3,20,48
211,2019-04-19 9:00,10.2,,3.1,20,44
211,2019-04-19 10:00,11.1,,2.6,20,40
211,2019-04-19 11:00,11.6,,1.7,20,40
211,2019-04-19 12:00,11.8,,2.4,20,44
211,2019-04-19 13:00,12.8,,1.8,200,42
211,2019-04-19 14:00,13.7,,1.6,250,40
211,2019-04-19 15:00,15.2,,1.9,160,40
211,2019-04-19 16:00,16.2,,2.1,160,38
211,2019-04-19 17:00,17.2,,1.4,160,34
211,2019-04-19 18:00,15.4,,1.2,200,39
211,2019-04-19 19:00,12.5,,1.1,320,51
211,2019-04-19 20:00,10.8,,0.4,0,57
211,2019-04-19 21:00,9.1,,0.5,360,64
211,2019-04-19 22:00,8.3,,1.1,340,66
211,2019-04-19 23:00,6.5,,0.7,340,73
211,2019-04-20 0:00,5.8,,0.5,290,77
211,2019-04-20 1:00,5.1,,0.8,20,79
211,2019-04-20 2:00,4.1,,0.7,320,85
211,2019-04-20 3:00,3.3,,0,0,88
211,2019-04-20 4:00,2.7,,0.1,0,90
211,2019-04-20 5:00,2.3,,0.3,0,91
211,2019-04-20 6:00,1.9,,0.2,0,92
211,2019-04-20 7:00,3.1,,0.6,140,90
211,2019-04-20 8:00,5.5,,0.6,140,80
211,2019-04-20 9:00,9.4,,1,160,66
211,2019-04-20 10:00,13.7,,3,180,52
211,2019-04-20 11:00,16.2,,2.3,160,49
211,2019-04-20 12:00,17.4,,3,200,45
211,2019-04-20 13:00,18.5,,4.2,160,43
211,2019-04-20 14:00,19.5,,3.7,200,33
211,2019-04-20 15:00,20,,2.9,180,33
211,2019-04-20 16:00,19.6,,2.5,200,33
211,2019-04-20 17:00,19.2,,2.5,230,34
211,2019-04-20 18:00,18.3,,3.5,160,40
211,2019-04-20 19:00,17.4,,2.7,160,44
211,2019-04-20 20:00,16.6,,2.3,160,47
211,2019-04-20 21:00,15.6,0,2.8,180,48
211,2019-04-20 22:00,13.6,0,0.8,230,68
211,2019-04-20 23:00,12.2,0.2,0.6,110,84
211,2019-04-21 0:00,12.7,,2.1,160,79
211,2019-04-21 1:00,12.2,0.1,0.9,140,82
211,2019-04-21 2:00,12.3,,0.8,200,83
211,2019-04-21 3:00,13.2,,1.4,160,78
211,2019-04-21 4:00,13.3,,0.8,200,78
211,2019-04-21 5:00,13,,1,200,82
211,2019-04-21 6:00,13.1,,1,250,81
211,2019-04-21 7:00,13.3,,0.6,200,81
211,2019-04-21 8:00,14.2,,1.7,250,76
211,2019-04-21 9:00,15.4,,1.5,160,71
211,2019-04-21 10:00,16,,1.3,200,66
211,2019-04-21 11:00,16.9,,2.2,160,63
211,2019-04-21 12:00,18.8,,2.5,160,55
211,2019-04-21 13:00,19.2,,3.3,180,55
211,2019-04-21 14:00,21.5,,3.7,160,48
211,2019-04-21 15:00,21.6,,3.4,180,47
211,2019-04-21 16:00,21,,3.4,180,48
211,2019-04-21 17:00,21.1,,2.9,180,50
211,2019-04-21 18:00,20.1,,3.3,180,53
211,2019-04-21 19:00,19.2,,2,230,56
211,2019-04-21 20:00,18.1,,1.8,180,61
211,2019-04-21 21:00,15.2,,0.8,320,72
211,2019-04-21 22:00,13.9,,0.3,0,78
211,2019-04-21 23:00,12.7,,0.2,0,82
211,2019-04-22 0:00,12,,0.5,180,86
211,2019-04-22 1:00,11.1,,0.1,0,90
211,2019-04-22 2:00,10.5,,0.4,0,91
211,2019-04-22 3:00,9.6,,0.4,0,92
211,2019-04-22 4:00,9.3,,0.8,340,92
211,2019-04-22 5:00,8.5,,0.4,0,94
211,2019-04-22 6:00,8.4,,1,360,94
211,2019-04-22 7:00,9.3,,1.3,360,91
211,2019-04-22 8:00,11.3,,1.8,340,84
211,2019-04-22 9:00,14.2,,0.8,250,70
211,2019-04-22 10:00,18.2,,3.2,70,57
211,2019-04-22 11:00,21.7,,2,20,42
211,2019-04-22 12:00,22.8,,3.3,20,35
211,2019-04-22 13:00,24.3,,2.6,50,33
211,2019-04-22 14:00,25.1,,2.9,20,31
211,2019-04-22 15:00,24.9,,3.7,20,32
211,2019-04-22 16:00,23.2,,4.2,50,39
211,2019-04-22 17:00,21.2,,4.3,50,48
211,2019-04-22 18:00,19,,3.5,50,57
211,2019-04-22 19:00,16.7,,3.5,50,66
211,2019-04-22 20:00,15.4,,2.3,50,72
211,2019-04-22 21:00,14.6,,2.2,20,76
211,2019-04-22 22:00,13.8,,2.1,360,79
211,2019-04-22 23:00,13.1,,2,340,81
211,2019-04-23 0:00,12.6,,1.7,20,84
211,2019-04-23 1:00,11.4,,0.6,340,85
211,2019-04-23 2:00,11,,0.9,340,88
211,2019-04-23 3:00,10,,0,0,90
211,2019-04-23 4:00,9.6,,0.1,0,92
211,2019-04-23 5:00,9.4,,0,0,91
211,2019-04-23 6:00,9.1,,0.9,360,92
211,2019-04-23 7:00,10.2,,0.5,110,90
211,2019-04-23 8:00,12.1,,1,90,82
211,2019-04-23 9:00,15.5,,0.7,140,68
211,2019-04-23 10:00,20.4,,1,140,53
211,2019-04-23 11:00,24,,2.1,140,44
211,2019-04-23 12:00,25,,2.4,140,39
211,2019-04-23 13:00,26,,2.9,180,34
211,2019-04-23 14:00,26.1,,2.9,200,31
211,2019-04-23 15:00,26.4,,2.2,200,30
211,2019-04-23 16:00,25.9,,2.2,180,33
211,2019-04-23 17:00,25.2,,2.6,160,32
211,2019-04-23 18:00,24.5,,1.6,180,36
211,2019-04-23 19:00,23.4,,2.5,160,40
211,2019-04-23 20:00,22.6,,2.6,160,41
211,2019-04-23 21:00,21.5,,2.4,180,42
211,2019-04-23 22:00,18.7,,0.4,0,54
211,2019-04-23 23:00,17.5,,0.7,180,60
211,2019-04-24 0:00,16.3,,0.4,0,66
211,2019-04-24 1:00,15.7,,0.3,0,71
211,2019-04-24 2:00,15.4,,0,0,74
211,2019-04-24 3:00,15.1,,0,0,78
211,2019-04-24 4:00,14.7,0,0.1,0,82
211,2019-04-24 5:00,13.9,0.4,0.4,0,89
211,2019-04-24 6:00,13.6,1.1,0.3,0,94
211,2019-04-24 7:00,13.4,1,0.7,20,94
211,2019-04-24 8:00,14,1,0.9,50,95
211,2019-04-24 9:00,15,0,0.9,110,92
211,2019-04-24 10:00,16.4,,0.9,180,85
211,2019-04-24 11:00,18.3,,1.6,160,75
211,2019-04-24 12:00,21.3,,2.6,180,66
211,2019-04-24 13:00,23.2,,2.7,180,57
211,2019-04-24 14:00,23.9,,2.8,200,51
211,2019-04-24 15:00,24.9,,2.7,180,49
211,2019-04-24 16:00,25.2,,2.8,180,46
211,2019-04-24 17:00,18.6,4.5,1.4,230,89
211,2019-04-24 18:00,18.6,,0.6,250,90
211,2019-04-24 19:00,17.5,,0.7,290,92
211,2019-04-24 20:00,16.8,,3,50,77
211,2019-04-24 21:00,16,,3.5,20,77
211,2019-04-24 22:00,15.3,,5.1,20,77
211,2019-04-24 23:00,14.9,,4.9,20,76
211,2019-04-25 0:00,14.3,,4.3,20,75
211,2019-04-25 1:00,12.8,,5.7,20,74
211,2019-04-25 2:00,12.1,,4.8,360,69
211,2019-04-25 3:00,12.1,,5,360,65
211,2019-04-25 4:00,11.9,,4.2,360,65
211,2019-04-25 5:00,11.6,,3.8,20,65
211,2019-04-25 6:00,11.2,,5.3,360,61
211,2019-04-25 7:00,11.3,,4.8,20,60
211,2019-04-25 8:00,11.2,,4.5,360,57
211,2019-04-25 9:00,11.5,,4.9,360,52
211,2019-04-25 10:00,11.5,,4.6,360,49
211,2019-04-25 11:00,11.8,,4.2,20,48
211,2019-04-25 12:00,11.4,,4.6,360,50
211,2019-04-25 13:00,10.7,0.3,3.8,20,65
211,2019-04-25 14:00,10.9,,4.2,360,61
211,2019-04-25 15:00,9.2,1.2,2.1,50,82
211,2019-04-25 16:00,8.7,1.5,2.7,360,85
211,2019-04-25 17:00,8,4,2.7,20,90
211,2019-04-25 18:00,7.4,0.5,2.2,20,87
211,2019-04-25 19:00,6.8,1,2.4,50,89
211,2019-04-25 20:00,6.4,1,3.6,20,88
211,2019-04-25 21:00,6.1,1.5,2.8,20,90
211,2019-04-25 22:00,6.2,1.5,3.3,360,87
211,2019-04-25 23:00,6.3,2,2.9,20,88
211,2019-04-26 0:00,6.1,1,3.1,20,86
211,2019-04-26 1:00,6,0.5,2.5,20,87
211,2019-04-26 2:00,6.1,0.5,2.6,20,88
211,2019-04-26 3:00,6.2,0.5,2.5,20,85
211,2019-04-26 4:00,6.2,0,3.3,20,85
211,2019-04-26 5:00,5.8,0.5,3.1,20,85
211,2019-04-26 6:00,5.7,0.5,3,20,85
211,2019-04-26 7:00,5.7,0,2.8,20,85
211,2019-04-26 8:00,6.4,,3.3,20,80
211,2019-04-26 9:00,6.9,,2.8,20,81
211,2019-04-26 10:00,7.4,,3.7,20,78
211,2019-04-26 11:00,7.8,,4,20,74
211,2019-04-26 12:00,8,,3.4,20,74
211,2019-04-26 13:00,8.4,,4.4,20,71
211,2019-04-26 14:00,8,,5.5,360,69
211,2019-04-26 15:00,7.9,,4.5,360,67
211,2019-04-26 16:00,7.8,,3.6,360,69
211,2019-04-26 17:00,7.4,,3.4,360,75
211,2019-04-26 18:00,6.7,0,2.7,360,78
211,2019-04-26 19:00,6.5,0,3.6,360,80
211,2019-04-26 20:00,6.1,,1.4,20,84
211,2019-04-26 21:00,5.9,,1,20,87
211,2019-04-26 22:00,5.7,,0.9,20,88
211,2019-04-26 23:00,5.6,0.5,0.5,200,92
211,2019-04-27 0:00,4.9,0,1,340,91
211,2019-04-27 1:00,3.6,,0.5,320,94
211,2019-04-27 2:00,2.8,,0.4,0,95
211,2019-04-27 3:00,2.4,,0.4,0,96
211,2019-04-27 4:00,2.8,,0.6,320,96
211,2019-04-27 5:00,2.8,,0.4,0,95
211,2019-04-27 6:00,3.1,,0.4,0,93
211,2019-04-27 7:00,3.4,,2.1,360,92
211,2019-04-27 8:00,3.6,,1.8,320,90
211,2019-04-27 9:00,5.4,,1.1,140,83
211,2019-04-27 10:00,9,,2.7,160,69
211,2019-04-27 11:00,12.2,,2.6,180,54
211,2019-04-27 12:00,14.4,,2.2,160,44
211,2019-04-27 13:00,16.1,,3,160,33
211,2019-04-27 14:00,16.2,,2.1,160,32
211,2019-04-27 15:00,17,,3,160,27
211,2019-04-27 16:00,17.6,,2.4,180,27
211,2019-04-27 17:00,16.6,,2.7,180,28
211,2019-04-27 18:00,16.3,,2.5,160,32
211,2019-04-27 19:00,13.7,,0.5,270,46
211,2019-04-27 20:00,11.5,,1,320,58
211,2019-04-27 21:00,10.5,,0.8,340,61
211,2019-04-27 22:00,9.7,,0.5,290,69
211,2019-04-27 23:00,9.1,,0.1,0,75
211,2019-04-28 0:00,8.7,,0.3,0,76
211,2019-04-28 1:00,8.4,,0.2,0,76
211,2019-04-28 2:00,8.2,,0.4,0,79
211,2019-04-28 3:00,8,,0.5,50,77
211,2019-04-28 4:00,7.9,,0.8,180,83
211,2019-04-28 5:00,8.1,,0.1,0,80
211,2019-04-28 6:00,8.1,0.1,0.6,340,80
211,2019-04-28 7:00,8.3,0,0,0,81
211,2019-04-28 8:00,9.3,0,0.1,0,79
211,2019-04-28 9:00,11,,0.5,160,69
211,2019-04-28 10:00,12.1,,1.7,160,57
211,2019-04-28 11:00,12.9,,2.7,160,51
211,2019-04-28 12:00,13.9,,2.7,180,50
211,2019-04-28 13:00,13,,2.9,160,50
211,2019-04-28 14:00,13.1,,1.6,200,50
211,2019-04-28 15:00,13.5,,3.2,160,53
211,2019-04-28 16:00,13.6,,2.5,180,52
211,2019-04-28 17:00,13.1,,2.3,160,53
211,2019-04-28 18:00,13,,2.2,140,53
211,2019-04-28 19:00,12.5,,1.4,200,56
211,2019-04-28 20:00,10.5,,0.3,0,70
211,2019-04-28 21:00,8.6,,0.2,0,79
211,2019-04-28 22:00,7.5,,0,0,85
211,2019-04-28 23:00,7,,0.2,0,85
211,2019-04-29 0:00,6.3,,0.3,0,90
211,2019-04-29 1:00,5.7,,0,0,91
211,2019-04-29 2:00,5.2,,0,0,91
211,2019-04-29 3:00,4.8,,0.1,0,93
211,2019-04-29 4:00,4.6,,0.4,0,93
211,2019-04-29 5:00,4.4,,0.6,360,93
211,2019-04-29 6:00,4.5,,0.6,320,93
211,2019-04-29 7:00,5.5,,0.7,360,89
211,2019-04-29 8:00,6.7,,1,50,85
211,2019-04-29 9:00,9.3,,0.5,90,78
211,2019-04-29 10:00,11.9,,0.8,320,62
211,2019-04-29 11:00,14.4,,1.3,70,43
211,2019-04-29 12:00,16.1,,0.8,70,42
211,2019-04-29 13:00,16.1,,1.4,160,41
211,2019-04-29 14:00,16.7,,2.3,200,44
211,2019-04-29 15:00,16.4,,2,180,43
211,2019-04-29 16:00,16.4,,1.6,180,45
211,2019-04-29 17:00,15.4,,2.4,70,52
211,2019-04-29 18:00,14.7,,1.4,70,54
211,2019-04-29 19:00,13.7,,0.9,70,61
211,2019-04-29 20:00,11.2,,0.8,340,72
211,2019-04-29 21:00,9.9,,0.3,0,78
211,2019-04-29 22:00,9.9,,1.3,340,78
211,2019-04-29 23:00,8.7,,1,340,82
211,2019-04-30 0:00,7.3,,0.5,360,88
211,2019-04-30 1:00,7,,1,320,87
211,2019-04-30 2:00,6,,0.7,340,90
211,2019-04-30 3:00,5.8,,1.3,340,91
211,2019-04-30 4:00,5.2,,1,360,92
211,2019-04-30 5:00,4.7,,1,360,93
211,2019-04-30 6:00,4.6,,1.2,340,93
211,2019-04-30 7:00,5.2,,1.8,20,90
211,2019-04-30 8:00,7.9,,1.1,50,83
211,2019-04-30 9:00,10.9,,0.6,90,72
211,2019-04-30 10:00,13.5,,0.8,160,58
211,2019-04-30 11:00,17.4,,2.3,160,45
211,2019-04-30 12:00,18.7,,2.8,160,39
211,2019-04-30 13:00,20.6,,3.1,160,33
211,2019-04-30 14:00,21.5,,3.1,180,32
211,2019-04-30 15:00,22.2,,3.9,180,31
211,2019-04-30 16:00,22.5,,3.5,180,33
211,2019-04-30 17:00,21.7,,3.7,160,35
211,2019-04-30 18:00,21.2,,3.1,160,36
211,2019-04-30 19:00,18.6,,0.6,250,48
211,2019-04-30 20:00,15.9,,0.2,0,60
211,2019-04-30 21:00,13.9,,0,0,68
211,2019-04-30 22:00,12.3,,0.2,0,78
211,2019-04-30 23:00,11.2,,0.4,0,84
211,2019-05-01 0:00,10.3,,0.5,320,86
211,2019-05-01 1:00,9.6,,0.3,0,85
211,2019-05-01 2:00,9,,0.1,0,91
211,2019-05-01 3:00,8.4,,0.1,0,90
211,2019-05-01 4:00,7.8,,0.2,0,93
211,2019-05-01 5:00,7.3,,0.1,0,93
211,2019-05-01 6:00,7,,0,0,94
211,2019-05-01 7:00,8.3,,0.2,0,93
211,2019-05-01 8:00,10.1,,1.1,180,85
211,2019-05-01 9:00,14.3,,3.1,180,65
211,2019-05-01 10:00,17.6,,2.6,160,53
211,2019-05-01 11:00,18.2,,2.7,160,49
211,2019-05-01 12:00,20.6,,3.7,160,42
211,2019-05-01 13:00,21.4,,4.3,180,36
211,2019-05-01 14:00,22.7,,2,110,26
211,2019-05-01 15:00,23.1,,2.4,160,24
211,2019-05-01 16:00,23.3,,2.8,180,23
211,2019-05-01 17:00,23.1,,1.8,90,24
211,2019-05-01 18:00,22,,1.4,340,24
211,2019-05-01 19:00,21.4,,1.2,50,26
211,2019-05-01 20:00,19,,0.7,340,33
211,2019-05-01 21:00,16.8,,0.6,340,43
211,2019-05-01 22:00,15.3,,0.5,160,53
211,2019-05-01 23:00,13.5,,0.1,0,59
211,2019-05-02 0:00,11.7,,0.4,0,66
211,2019-05-02 1:00,10.6,,0.7,360,69
211,2019-05-02 2:00,9.2,,0.4,0,77
211,2019-05-02 3:00,8.7,,0.3,0,77
211,2019-05-02 4:00,7.9,,0.2,0,78
211,2019-05-02 5:00,7.2,,0.2,0,83
211,2019-05-02 6:00,6.7,,0.1,0,87
211,2019-05-02 7:00,8.4,,0.5,140,84
211,2019-05-02 8:00,10.6,,0.9,180,73
211,2019-05-02 9:00,15.4,,2.1,160,61
211,2019-05-02 10:00,17.7,,3.6,160,39
211,2019-05-02 11:00,19.5,,3,180,30
211,2019-05-02 12:00,20.7,,3.9,180,24
211,2019-05-02 13:00,22,,4.4,180,20
211,2019-05-02 14:00,22.7,,5.1,180,21
211,2019-05-02 15:00,23.3,,4.9,180,19
211,2019-05-02 16:00,24.1,,2.5,200,15
211,2019-05-02 17:00,23.9,,2.8,140,15
211,2019-05-02 18:00,22.6,,1.4,180,17
211,2019-05-02 19:00,22.2,,2,180,18
211,2019-05-02 20:00,20.6,,3.7,180,24
211,2019-05-02 21:00,19.2,,3,180,25
211,2019-05-02 22:00,17.5,,2.4,200,27
211,2019-05-02 23:00,13.1,,0.7,360,43
211,2019-05-03 0:00,11.1,,0.6,270,52
211,2019-05-03 1:00,9.6,,0.5,200,60
211,2019-05-03 2:00,8.7,,0.1,0,66
211,2019-05-03 3:00,7.7,,0.2,0,65
211,2019-05-03 4:00,6.8,,0.4,0,67
211,2019-05-03 5:00,6.3,,0.1,0,69
211,2019-05-03 6:00,5.5,,0.3,0,73
211,2019-05-03 7:00,7.2,,1,90,74
211,2019-05-03 8:00,9.3,,1.1,160,65
211,2019-05-03 9:00,13.8,,0.8,140,49
211,2019-05-03 10:00,18.4,,2,140,32
211,2019-05-03 11:00,21.3,,2.8,160,23
211,2019-05-03 12:00,23.9,,2.6,200,20
211,2019-05-03 13:00,25.6,,3.4,180,18
211,2019-05-03 14:00,26.3,,2,110,14
211,2019-05-03 15:00,26.7,,4,180,15
211,2019-05-03 16:00,26.4,,4,180,16
211,2019-05-03 17:00,25.9,,4.4,160,17
211,2019-05-03 18:00,25.1,,4,160,17
211,2019-05-03 19:00,23.6,,1.7,200,20
211,2019-05-03 20:00,18.7,,0.9,320,32
211,2019-05-03 21:00,16.1,,0.1,0,41
211,2019-05-03 22:00,14.7,,0.3,0,47
211,2019-05-03 23:00,13,,0.1,0,58
211,2019-05-04 0:00,11.7,,0.2,0,64
211,2019-05-04 1:00,10.5,,0.1,0,67
211,2019-05-04 2:00,9.9,,0.5,290,67
211,2019-05-04 3:00,9.1,,0.5,320,70
211,2019-05-04 4:00,8.2,,0,0,72
211,2019-05-04 5:00,7.6,,0.1,0,76
211,2019-05-04 6:00,7.2,,0.3,0,79
211,2019-05-04 7:00,9,,0.6,70,76
211,2019-05-04 8:00,11.1,,0.5,140,66
211,2019-05-04 9:00,14.7,,0.8,140,54
211,2019-05-04 10:00,19.1,,2.4,180,37
211,2019-05-04 11:00,22,,2.7,180,31
211,2019-05-04 12:00,24.2,,3.1,160,26
211,2019-05-04 13:00,26.1,,3.1,160,23
211,2019-05-04 14:00,27.2,,3.1,160,20
211,2019-05-04 15:00,27.8,,2.7,180,17
211,2019-05-04 16:00,27.3,,2.4,160,19
211,2019-05-04 17:00,26.3,,3.7,180,21
211,2019-05-04 18:00,25.8,,2.9,160,21
211,2019-05-04 19:00,22.1,,0.4,0,32
211,2019-05-04 20:00,18.7,,0,0,43
211,2019-05-04 21:00,16.8,,0.2,0,49
211,2019-05-04 22:00,15.4,,0.1,0,58
211,2019-05-04 23:00,14,,0.5,180,64
211,2019-05-05 0:00,13.1,,0.1,0,69
211,2019-05-05 1:00,12.2,,0,0,75
211,2019-05-05 2:00,11.3,,0.1,0,73
211,2019-05-05 3:00,10.7,,0,0,77
211,2019-05-05 4:00,9.7,,0.1,0,80
211,2019-05-05 5:00,9.3,,0,0,82
211,2019-05-05 6:00,9,,0.4,0,82
211,2019-05-05 7:00,10.6,,0.4,0,77
211,2019-05-05 8:00,12.1,,0.1,0,74
211,2019-05-05 9:00,14.5,,0.5,110,65
211,2019-05-05 10:00,18.5,,1.7,180,49
211,2019-05-05 11:00,23.3,,2.3,160,31
211,2019-05-05 12:00,25,,4,160,16
211,2019-05-05 13:00,26,,4.6,160,14
211,2019-05-05 14:00,25.8,,4.1,180,13
211,2019-05-05 15:00,26.1,,4.7,160,14
211,2019-05-05 16:00,25.7,,4.8,160,12
211,2019-05-05 17:00,25.3,,3.8,160,11
211,2019-05-05 18:00,24,,3.4,180,13
211,2019-05-05 19:00,23.1,,2.7,160,13
211,2019-05-05 20:00,21.9,,2.5,200,13
211,2019-05-05 21:00,20.5,,2.9,180,15
211,2019-05-05 22:00,19.1,,3,180,19
211,2019-05-05 23:00,16.9,,1.9,180,28
211,2019-05-06 0:00,17.9,,2.7,160,28
211,2019-05-06 1:00,17.2,,3.3,160,31
211,2019-05-06 2:00,16.6,,2.5,160,38
211,2019-05-06 3:00,15.3,,1.7,290,51
211,2019-05-06 4:00,13.6,,4.5,20,46
211,2019-05-06 5:00,12.3,,4.1,20,49
211,2019-05-06 6:00,11.2,,3.2,20,45
211,2019-05-06 7:00,11.2,,2,360,45
211,2019-05-06 8:00,12.1,,2.9,20,31
211,2019-05-06 9:00,13.5,,2.2,50,28
211,2019-05-06 10:00,14.9,,1.5,90,25
211,2019-05-06 11:00,15.9,,1.7,90,22
211,2019-05-06 12:00,17.3,,2.3,70,16
211,2019-05-06 13:00,16.9,,3.1,290,14
211,2019-05-06 14:00,17.4,,2.8,290,15
211,2019-05-06 15:00,17.7,,3,200,14
211,2019-05-06 16:00,18.1,,1.9,70,15
211,2019-05-06 17:00,18,,1.4,180,18
211,2019-05-06 18:00,15.4,,1.3,180,25
211,2019-05-06 19:00,13.7,,1.6,340,30
211,2019-05-06 20:00,11.5,,2.3,320,34
211,2019-05-06 21:00,10.4,,1.5,340,38
211,2019-05-06 22:00,8.7,,1.7,340,44
211,2019-05-06 23:00,7.2,,1.3,340,51
211,2019-05-07 0:00,6.5,,1.4,340,55
211,2019-05-07 1:00,5.2,,0.6,340,60
211,2019-05-07 2:00,4.3,,0.7,360,66
211,2019-05-07 3:00,3.2,,0.3,0,70
211,2019-05-07 4:00,2.5,,0.4,0,75
211,2019-05-07 5:00,1.9,,0.1,0,78
211,2019-05-07 6:00,1.6,,0,0,80
211,2019-05-07 7:00,3.2,,0.7,140,79
211,2019-05-07 8:00,6.2,,1.1,140,64
211,2019-05-07 9:00,10.9,,1.4,140,47
211,2019-05-07 10:00,14.6,,3,180,31
211,2019-05-07 11:00,17.2,,3.7,160,27
211,2019-05-07 12:00,19.1,,4.5,180,21
211,2019-05-07 13:00,20.3,,3.1,180,19
211,2019-05-07 14:00,20.6,,4.9,160,17
211,2019-05-07 15:00,21.3,,3.4,180,15
211,2019-05-07 16:00,21.1,,2.9,230,15
211,2019-05-07 17:00,20.8,,3.9,160,17
211,2019-05-07 18:00,19.7,,4.1,160,19
211,2019-05-07 19:00,19,,5.4,160,20
211,2019-05-07 20:00,17.9,,3.7,180,23
211,2019-05-07 21:00,16.6,,3.1,160,26
211,2019-05-07 22:00,15.4,,4,160,31
211,2019-05-07 23:00,14.4,,2.5,140,32
211,2019-05-08 0:00,10.8,,0.9,290,47
211,2019-05-08 1:00,10.3,,0.9,230,48
211,2019-05-08 2:00,8.5,,0.2,0,55
211,2019-05-08 3:00,7.3,,0.2,0,60
211,2019-05-08 4:00,6.1,,0.3,0,67
211,2019-05-08 5:00,5.3,,0.2,0,71
211,2019-05-08 6:00,4.9,,0.2,0,74
211,2019-05-08 7:00,7.2,,0.4,0,74
211,2019-05-08 8:00,10.2,,1.3,160,57
211,2019-05-08 9:00,14.1,,2.8,140,38
211,2019-05-08 10:00,16,,3.7,180,32
211,2019-05-08 11:00,18.2,,3.5,140,31
211,2019-05-08 12:00,20.3,,4.7,160,27
211,2019-05-08 13:00,21.3,,4.7,180,25
211,2019-05-08 14:00,21.5,,5.1,180,25
211,2019-05-08 15:00,21.7,,5.1,160,24
211,2019-05-08 16:00,21.3,,4.2,160,26
211,2019-05-08 17:00,21.2,,4.4,160,26
211,2019-05-08 18:00,20.6,,4,180,25
211,2019-05-08 19:00,19.8,,3.6,160,29
211,2019-05-08 20:00,19.1,,3.2,160,32
211,2019-05-08 21:00,18.2,,2.8,160,32
211,2019-05-08 22:00,17.4,,4.2,160,35
211,2019-05-08 23:00,16.4,,2.6,180,40
211,2019-05-09 0:00,15.7,,3.5,160,45
211,2019-05-09 1:00,15,,2.7,180,49
211,2019-05-09 2:00,13.9,,1.6,200,54
211,2019-05-09 3:00,12,,0.6,50,62
211,2019-05-09 4:00,10.5,,0.1,0,70
211,2019-05-09 5:00,10.2,,0.3,0,73
211,2019-05-09 6:00,9.7,,0.2,0,77
211,2019-05-09 7:00,11,,0.2,0,76
211,2019-05-09 8:00,12.9,,1.9,180,64
211,2019-05-09 9:00,15.5,,2.6,180,48
211,2019-05-09 10:00,17.4,,3.2,160,36
211,2019-05-09 11:00,19.5,,3.3,180,32
211,2019-05-09 12:00,20.8,,3.9,160,28
211,2019-05-09 13:00,21.9,,4.9,160,27
211,2019-05-09 14:00,22.4,,4.5,160,26
211,2019-05-09 15:00,23.1,,3.7,160,24
211,2019-05-09 16:00,23.1,,4.2,160,23
211,2019-05-09 17:00,23,,3.8,180,22
211,2019-05-09 18:00,21.9,,3.9,160,22
211,2019-05-09 19:00,20.9,,4.1,160,23
211,2019-05-09 20:00,19.4,,2,180,26
211,2019-05-09 21:00,18.4,,2.7,180,28
211,2019-05-09 22:00,14.2,,0.8,360,43
211,2019-05-09 23:00,12.1,,0.1,0,51
211,2019-05-10 0:00,11.2,,0.4,0,56
211,2019-05-10 1:00,9.7,,0.5,250,61
211,2019-05-10 2:00,8.6,,0.1,0,69
211,2019-05-10 3:00,7.9,,0.1,0,72
211,2019-05-10 4:00,7.2,,0.1,0,74
211,2019-05-10 5:00,6.5,,0.1,0,74
211,2019-05-10 6:00,6.2,,0.1,0,76
211,2019-05-10 7:00,8,,0.6,110,73
211,2019-05-10 8:00,11.4,,0.4,0,60
211,2019-05-10 9:00,14.4,,0.8,110,49
211,2019-05-10 10:00,18.5,,2.2,140,35
211,2019-05-10 11:00,20.7,,2,180,33
211,2019-05-10 12:00,23.9,,2.4,160,28
211,2019-05-10 13:00,26.3,,1.9,180,22
211,2019-05-10 14:00,27.8,,1.7,110,15
211,2019-05-10 15:00,27.8,,2.4,230,15
211,2019-05-10 16:00,28.4,,1.8,230,14
211,2019-05-10 17:00,27,,2.2,20,17
211,2019-05-10 18:00,24.9,,1.9,340,20
211,2019-05-10 19:00,22.4,,0.8,340,27
211,2019-05-10 20:00,20,,1.8,340,32
211,2019-05-10 21:00,17.2,,0.8,340,41
211,2019-05-10 22:00,15.6,,0.5,70,46
211,2019-05-10 23:00,14.4,,0.3,0,51
211,2019-05-11 0:00,13.3,,0,0,57
211,2019-05-11 1:00,12.3,,0.3,0,59
211,2019-05-11 2:00,11.5,,0.5,340,62
211,2019-05-11 3:00,10.8,,0.7,340,65
211,2019-05-11 4:00,10.5,,1.6,360,70
211,2019-05-11 5:00,9.3,,0.3,0,73
211,2019-05-11 6:00,8.9,,0.4,0,76
211,2019-05-11 7:00,10.5,,1.9,50,71
211,2019-05-11 8:00,12.3,,1,110,65
211,2019-05-11 9:00,15.4,,1,90,54
211,2019-05-11 10:00,20.2,,1,140,42
211,2019-05-11 11:00,23.6,,2.8,180,34
211,2019-05-11 12:00,26.5,,2.5,160,27
211,2019-05-11 13:00,28,,2.2,160,22
211,2019-05-11 14:00,28.7,,1.5,230,19
211,2019-05-11 15:00,26.8,,1.7,180,21
211,2019-05-11 16:00,23.8,,2.1,180,28
211,2019-05-11 17:00,25.4,,1.1,250,27
211,2019-05-11 18:00,23.7,,0.6,340,31
211,2019-05-11 19:00,21.2,,0.5,270,36
211,2019-05-11 20:00,17.1,,0.2,0,51
211,2019-05-11 21:00,15.5,,0.5,290,55
211,2019-05-11 22:00,14.2,,0.8,340,58
211,2019-05-11 23:00,13.6,,1.1,340,59
211,2019-05-12 0:00,12.4,,1.8,340,66
211,2019-05-12 1:00,11.9,,2,320,70
211,2019-05-12 2:00,10.9,,1,340,72
211,2019-05-12 3:00,10,,2.2,320,77
211,2019-05-12 4:00,9.8,,1.3,340,77
211,2019-05-12 5:00,9.4,,1.5,360,77
211,2019-05-12 6:00,9.2,,1.7,340,81
211,2019-05-12 7:00,10.8,,1.8,360,77
211,2019-05-12 8:00,15.3,,0.7,360,69
211,2019-05-12 9:00,17.7,,2.9,50,59
211,2019-05-12 10:00,18.7,,3.6,20,58
211,2019-05-12 11:00,19.4,,4.3,50,55
211,2019-05-12 12:00,19.6,,3.9,50,54
211,2019-05-12 13:00,20.1,,3.2,20,53
211,2019-05-12 14:00,20.1,,3.5,50,54
211,2019-05-12 15:00,20.1,,4.2,70,54
211,2019-05-12 16:00,20,,3.5,50,55
211,2019-05-12 17:00,19.2,,3.7,50,58
211,2019-05-12 18:00,16.9,,3.8,50,65
211,2019-05-12 19:00,15.1,,3.6,50,72
211,2019-05-12 20:00,13.9,,3.8,50,77
211,2019-05-12 21:00,13.2,,2.8,50,81
211,2019-05-12 22:00,12.9,,2.9,20,82
211,2019-05-12 23:00,12.6,,3.7,20,82
211,2019-05-13 0:00,12.6,,3.8,20,82
211,2019-05-13 1:00,12.6,,2.5,20,81
211,2019-05-13 2:00,12.4,,2.1,50,82
211,2019-05-13 3:00,12.3,,1.8,20,82
211,2019-05-13 4:00,12.1,,1.8,20,83
211,2019-05-13 5:00,12,,2.1,20,83
211,2019-05-13 6:00,11.9,,1.1,50,83
211,2019-05-13 7:00,12.1,,1.3,50,82
211,2019-05-13 8:00,12.8,,2.3,20,79
211,2019-05-13 9:00,14,,1.9,20,75
211,2019-05-13 10:00,16.2,,0.8,50,66
211,2019-05-13 11:00,18,,0.6,180,63
211,2019-05-13 12:00,19.5,,1.4,160,52
211,2019-05-13 13:00,20.9,,1.9,160,44
211,2019-05-13 14:00,21.7,,1.5,160,45
211,2019-05-13 15:00,21.6,,1,160,45
211,2019-05-13 16:00,21.5,,1.6,140,42
211,2019-05-13 17:00,20.9,,0.4,0,54
211,2019-05-13 18:00,19.5,,0.7,200,60
211,2019-05-13 19:00,18.2,,0.7,20,61
211,2019-05-13 20:00,17.1,,0.8,200,69
211,2019-05-13 21:00,16.9,,1.2,180,69
211,2019-05-13 22:00,16.3,,0.9,200,68
211,2019-05-13 23:00,15.5,,0.8,200,72
211,2019-05-14 0:00,15.2,,1.2,200,72
211,2019-05-14 1:00,14.7,,0.6,140,71
211,2019-05-14 2:00,14,,0.4,0,73
211,2019-05-14 3:00,13.5,,0.3,0,76
211,2019-05-14 4:00,11.8,,0.2,0,81
211,2019-05-14 5:00,10.9,,0.2,0,84
211,2019-05-14 6:00,10.6,,0.1,0,88
211,2019-05-14 7:00,11.8,,0.7,110,88
211,2019-05-14 8:00,14.9,,1.2,140,75
211,2019-05-14 9:00,17,,1.7,160,63
211,2019-05-14 10:00,19.2,,2.4,160,53
211,2019-05-14 11:00,21.2,,2.7,140,44
211,2019-05-14 12:00,22.3,,3.4,160,36
211,2019-05-14 13:00,24.1,,3.6,160,26
211,2019-05-14 14:00,24.9,,3.1,160,24
211,2019-05-14 15:00,24.9,,3.2,160,25
211,2019-05-14 16:00,25.3,,3.6,160,25
211,2019-05-14 17:00,24.6,,2.5,160,25
211,2019-05-14 18:00,23.9,,1.8,200,28
211,2019-05-14 19:00,21.7,,0.7,270,36
211,2019-05-14 20:00,18.4,,0.3,0,47
211,2019-05-14 21:00,16.3,,0.2,0,57
211,2019-05-14 22:00,15,,0.2,0,64
211,2019-05-14 23:00,13.5,,0.3,0,73
211,2019-05-15 0:00,12.6,,0.5,360,71
211,2019-05-15 1:00,11.8,,1,340,73
211,2019-05-15 2:00,10.9,,0.5,290,76
211,2019-05-15 3:00,10.3,,0.2,0,79
211,2019-05-15 4:00,9.5,,0.3,0,82
211,2019-05-15 5:00,9.4,,0.2,0,84
211,2019-05-15 6:00,9.3,,0.5,320,86
211,2019-05-15 7:00,10.8,,0.8,50,83
211,2019-05-15 8:00,12.8,,1,50,76
211,2019-05-15 9:00,15.7,,1.3,70,63
211,2019-05-15 10:00,19.4,,0.8,20,51
211,2019-05-15 11:00,22.4,,1.2,160,44
211,2019-05-15 12:00,25.7,,2.3,160,29
211,2019-05-15 13:00,26.1,,2.9,230,29
211,2019-05-15 14:00,26.5,,2.5,230,27
211,2019-05-15 15:00,25.5,,2.4,200,30
211,2019-05-15 16:00,25.9,,2.5,230,31
211,2019-05-15 17:00,25.8,,1.4,250,33
211,2019-05-15 18:00,24.7,,1.9,200,28
211,2019-05-15 19:00,21.7,,0.8,290,36
211,2019-05-15 20:00,18.6,,0.4,0,51
211,2019-05-15 21:00,17.1,,0.8,320,52
211,2019-05-15 22:00,15.4,,0.2,0,57
211,2019-05-15 23:00,14,,0.4,0,62
211,2019-05-16 0:00,13.2,,0.4,0,70
211,2019-05-16 1:00,12.7,,0.3,0,71
211,2019-05-16 2:00,12.1,,0.2,0,75
211,2019-05-16 3:00,11.9,,0,0,76
211,2019-05-16 4:00,11.6,,0.2,0,79
211,2019-05-16 5:00,11.2,,0.1,0,79
211,2019-05-16 6:00,11,,0.3,0,82
211,2019-05-16 7:00,12.6,,0.4,0,79
211,2019-05-16 8:00,14.7,,0.6,110,69
211,2019-05-16 9:00,17.9,,0.7,230,60
211,2019-05-16 10:00,22,,2.5,160,51
211,2019-05-16 11:00,24.6,,2.6,160,41
211,2019-05-16 12:00,26,,2.1,160,34
211,2019-05-16 13:00,27.5,,3.4,180,28
211,2019-05-16 14:00,27.9,,2.9,230,27
211,2019-05-16 15:00,27.9,,4.5,180,27
211,2019-05-16 16:00,27.7,,3.1,180,28
211,2019-05-16 17:00,28.1,,1.2,200,28
211,2019-05-16 18:00,26.2,,0.9,250,32
211,2019-05-16 19:00,23.4,,0.7,320,43
211,2019-05-16 20:00,20.6,,0.1,0,52
211,2019-05-16 21:00,19.2,,0,0,59
211,2019-05-16 22:00,17.5,,0.2,0,66
211,2019-05-16 23:00,16.2,,0,0,69
211,2019-05-17 0:00,15.1,,0.3,0,74
211,2019-05-17 1:00,14,,0.1,0,77
211,2019-05-17 2:00,13.2,,0.2,0,80
211,2019-05-17 3:00,12.6,,0.1,0,82
211,2019-05-17 4:00,12.2,,0.3,0,84
211,2019-05-17 5:00,11.7,,0.4,0,85
211,2019-05-17 6:00,11.5,,0.2,0,86
211,2019-05-17 7:00,13.4,,0.7,70,83
211,2019-05-17 8:00,15.7,,0.9,50,74
211,2019-05-17 9:00,18.9,,1.3,70,61
211,2019-05-17 10:00,22.1,,0.9,140,50
211,2019-05-17 11:00,26,,1.5,110,36
211,2019-05-17 12:00,26.9,,2.3,160,35
211,2019-05-17 13:00,27.3,,2.6,230,33
211,2019-05-17 14:00,27.2,,2.5,230,34
211,2019-05-17 15:00,27.1,,1.7,200,35
211,2019-05-17 16:00,27.2,,2,200,34
211,2019-05-17 17:00,26.5,,1.6,230,39
211,2019-05-17 18:00,25.4,,1.4,200,46
211,2019-05-17 19:00,24.1,,0.7,200,52
211,2019-05-17 20:00,22.1,,0.3,0,56
211,2019-05-17 21:00,20.5,,0.2,0,65
211,2019-05-17 22:00,19.8,,0.3,0,67
211,2019-05-17 23:00,19,,0.1,0,69
211,2019-05-18 0:00,18.2,,0.1,0,73
211,2019-05-18 1:00,17.9,,0.4,0,73
211,2019-05-18 2:00,17.6,,0.2,0,78
211,2019-05-18 3:00,17.3,,0.2,0,79
211,2019-05-18 4:00,17.1,,0.4,0,79
211,2019-05-18 5:00,16.8,,0.1,0,79
211,2019-05-18 6:00,16.6,,0.9,320,81
211,2019-05-18 7:00,17.1,,0.6,340,80
211,2019-05-18 8:00,18.1,,0.7,360,76
211,2019-05-18 9:00,21,,1.8,70,61
211,2019-05-18 10:00,22.8,,0.9,140,51
211,2019-05-18 11:00,24.2,0,1.6,110,36
211,2019-05-18 12:00,24.6,,2.3,180,33
211,2019-05-18 13:00,24.3,,1.8,140,35
211,2019-05-18 14:00,25.1,,2,140,35
211,2019-05-18 15:00,23.8,0,2.6,200,43
211,2019-05-18 16:00,23,0,1.5,180,48
211,2019-05-18 17:00,23.4,,1.5,90,48
211,2019-05-18 18:00,23,,1.6,180,51
211,2019-05-18 19:00,22.6,,0.6,320,53
211,2019-05-18 20:00,21.2,,0.5,270,60
211,2019-05-18 21:00,20.4,,1.3,320,63
211,2019-05-18 22:00,19.3,,0.2,0,70
211,2019-05-18 23:00,17.8,,0.2,0,74
211,2019-05-19 0:00,17.1,,1.6,320,77
211,2019-05-19 1:00,16,,0,0,81
211,2019-05-19 2:00,16.4,,0.2,0,79
211,2019-05-19 3:00,16.5,,0.6,320,79
211,2019-05-19 4:00,15.2,,0.1,0,82
211,2019-05-19 5:00,14.9,,1.1,340,85
211,2019-05-19 6:00,14.9,,0.2,0,85
211,2019-05-19 7:00,16.4,,1.3,20,81
211,2019-05-19 8:00,18.5,,1.4,360,73
211,2019-05-19 9:00,19.7,,1.7,70,66
211,2019-05-19 10:00,22,,1,70,60
211,2019-05-19 11:00,23.3,,2,230,56
211,2019-05-19 12:00,23.7,,1.8,200,56
211,2019-05-19 13:00,21.9,0,1.6,270,64
211,2019-05-19 14:00,20.1,0.5,1.9,160,85
211,2019-05-19 15:00,19.8,1.5,1.1,180,90
211,2019-05-19 16:00,20.2,0.5,0.8,180,89
211,2019-05-19 17:00,20.9,,2,160,86
211,2019-05-19 18:00,20.7,0,1.3,180,88
211,2019-05-19 19:00,20,0,1.8,180,89
211,2019-05-19 20:00,19.5,1,0.9,160,92
211,2019-05-19 21:00,19.3,0,0.9,180,93
211,2019-05-19 22:00,19,1.5,0.6,200,94
211,2019-05-19 23:00,18.9,0,1.2,200,94
211,2019-05-20 0:00,19,,2.1,180,92
211,2019-05-20 1:00,19.1,0.1,3.4,160,86
211,2019-05-20 2:00,19.2,0.1,3.7,160,85
211,2019-05-20 3:00,19.5,,3.8,180,82
211,2019-05-20 4:00,19.5,0,5,180,80
211,2019-05-20 5:00,18.8,1.3,4.7,180,87
211,2019-05-20 6:00,15.4,2,4,340,75
211,2019-05-20 7:00,14.3,0,1.2,230,87
211,2019-05-20 8:00,15.7,,2.3,180,79
211,2019-05-20 9:00,17.3,,4.8,180,61
211,2019-05-20 10:00,17.6,,4.9,180,53
211,2019-05-20 11:00,18.1,,5.4,180,46
211,2019-05-20 12:00,18.2,,5.3,180,39
211,2019-05-20 13:00,18.7,,6.7,160,36
211,2019-05-20 14:00,19.1,,5.4,160,33
211,2019-05-20 15:00,18.1,,6.3,180,37
211,2019-05-20 16:00,18.7,,4.4,180,35
211,2019-05-20 17:00,18,,5.4,160,39
211,2019-05-20 18:00,16.9,,4.8,160,45
211,2019-05-20 19:00,16.5,,2.9,200,40
211,2019-05-20 20:00,15.8,,1.4,230,39
211,2019-05-20 21:00,12.8,,0.8,340,57
211,2019-05-20 22:00,13.7,,2.8,200,59
211,2019-05-20 23:00,12.7,,2,180,64
211,2019-05-21 0:00,10.7,,0.9,20,71
211,2019-05-21 1:00,11.4,,2.2,160,70
211,2019-05-21 2:00,8.5,,0.2,0,81
211,2019-05-21 3:00,9,,0.8,290,78
211,2019-05-21 4:00,7.6,,0.6,290,86
211,2019-05-21 5:00,8.2,,1,200,87
211,2019-05-21 6:00,8.2,,0.6,340,83
211,2019-05-21 7:00,10.2,,2.4,140,77
211,2019-05-21 8:00,11.8,,3.4,160,69
211,2019-05-21 9:00,13.9,,3.9,160,62
211,2019-05-21 10:00,15.9,,3.4,160,56
211,2019-05-21 11:00,18.3,,4.2,160,48
211,2019-05-21 12:00,20.1,,4.6,160,40
211,2019-05-21 13:00,20.4,,5.5,160,35
211,2019-05-21 14:00,21.2,,4.4,180,30
211,2019-05-21 15:00,22.6,,6.5,160,23
211,2019-05-21 16:00,22.3,,5.7,180,22
211,2019-05-21 17:00,21.6,,5,160,22
211,2019-05-21 18:00,20.9,,5.2,160,21
211,2019-05-21 19:00,20.3,,5.2,160,22
211,2019-05-21 20:00,19.4,,4.1,160,26
211,2019-05-21 21:00,18.7,,3,180,28
211,2019-05-21 22:00,14.5,,0.7,320,46
211,2019-05-21 23:00,12.8,,0.4,0,53
211,2019-05-22 0:00,11.4,,0.2,0,61
211,2019-05-22 1:00,10.2,,0.1,0,65
211,2019-05-22 2:00,9.4,,0.2,0,72
211,2019-05-22 3:00,8.5,,0.1,0,78
211,2019-05-22 4:00,7.9,,0.1,0,81
211,2019-05-22 5:00,7.3,,0,0,82
211,2019-05-22 6:00,7.6,,0.6,180,86
211,2019-05-22 7:00,9.4,,0.8,160,81
211,2019-05-22 8:00,13.8,,2,140,63
211,2019-05-22 9:00,16.6,,2.4,140,51
211,2019-05-22 10:00,18.9,,3.5,180,39
211,2019-05-22 11:00,21.1,,4,160,31
211,2019-05-22 12:00,22.9,,5.1,160,26
211,2019-05-22 13:00,23,,6.3,160,25
211,2019-05-22 14:00,23.9,,4.3,160,25
211,2019-05-22 15:00,24.8,,4.6,180,22
211,2019-05-22 16:00,25,,5.4,180,20
211,2019-05-22 17:00,24.9,,3.9,200,18
211,2019-05-22 18:00,23.9,,4.4,200,20
211,2019-05-22 19:00,23.2,,4.2,160,23
211,2019-05-22 20:00,22.1,,3.5,160,26
211,2019-05-22 21:00,18.4,,0.9,290,37
211,2019-05-22 22:00,16,,0.7,290,47
211,2019-05-22 23:00,13.9,,0.1,0,57
211,2019-05-23 0:00,12.7,,0.3,0,65
211,2019-05-23 1:00,11.6,,0.3,0,70
211,2019-05-23 2:00,10.9,,0.4,0,73
211,2019-05-23 3:00,10,,0.4,0,74
211,2019-05-23 4:00,9.6,,0.3,0,74
211,2019-05-23 5:00,8.4,,0.2,0,80
211,2019-05-23 6:00,8.6,,0.5,320,81
211,2019-05-23 7:00,10.3,,0.4,0,77
211,2019-05-23 8:00,13.6,,0.5,90,60
211,2019-05-23 9:00,17.1,,2.6,160,48
211,2019-05-23 10:00,20.9,,2.8,140,41
211,2019-05-23 11:00,22.9,,2.9,160,36
211,2019-05-23 12:00,24.6,,3.7,160,32
211,2019-05-23 13:00,26.4,,3.6,180,25
211,2019-05-23 14:00,26.7,,3.9,180,26
211,2019-05-23 15:00,27.1,,4.3,180,26
211,2019-05-23 16:00,27.4,,3.3,160,25
211,2019-05-23 17:00,27.2,,4.4,180,22
211,2019-05-23 18:00,26.4,,3.5,160,25
211,2019-05-23 19:00,23.6,,0.7,320,33
211,2019-05-23 20:00,20.1,,0.6,320,46
211,2019-05-23 21:00,18.2,,0.1,0,52
211,2019-05-23 22:00,16.6,,0.4,0,57
211,2019-05-23 23:00,15,,0.2,0,63
211,2019-05-24 0:00,13.8,,0,0,67
211,2019-05-24 1:00,12.9,,0.2,0,72
211,2019-05-24 2:00,12,,0.2,0,76
211,2019-05-24 3:00,11.2,,0,0,78
211,2019-05-24 4:00,10.6,,0.3,0,82
211,2019-05-24 5:00,10,,0.2,0,84
211,2019-05-24 6:00,10.2,,0.2,0,85
211,2019-05-24 7:00,11.9,,0.5,180,84
211,2019-05-24 8:00,14.4,,0.8,160,70
211,2019-05-24 9:00,19,,0.6,50,56
211,2019-05-24 10:00,22.7,,1.5,160,42
211,2019-05-24 11:00,26.3,,2.6,160,31
211,2019-05-24 12:00,28.6,,2.2,200,24
211,2019-05-24 13:00,29.8,,3.2,230,23
211,2019-05-24 14:00,31,,2.8,160,23
211,2019-05-24 15:00,31.8,,3.1,160,21
211,2019-05-24 16:00,32.1,,2.2,180,19
211,2019-05-24 17:00,31.7,,1.6,230,20
211,2019-05-24 18:00,29.6,,1.6,200,26
211,2019-05-24 19:00,25.9,,0.3,0,36
211,2019-05-24 20:00,23.3,,0.3,0,48
211,2019-05-24 21:00,21.8,,0.4,0,54
211,2019-05-24 22:00,19.9,,0.2,0,63
211,2019-05-24 23:00,18.6,,0.2,0,69
211,2019-05-25 0:00,17.5,,0,0,76
211,2019-05-25 1:00,16.7,,0,0,80
211,2019-05-25 2:00,15.9,,0,0,83
211,2019-05-25 3:00,15.5,,0,0,86
211,2019-05-25 4:00,15,,0.1,0,88
211,2019-05-25 5:00,14.4,,0,0,89
211,2019-05-25 6:00,14.9,,0.4,0,91
211,2019-05-25 7:00,15.9,,0.2,0,91
211,2019-05-25 8:00,18.7,,0.7,200,81
211,2019-05-25 9:00,21.6,,2.1,160,65
211,2019-05-25 10:00,23.6,,1.9,180,56
211,2019-05-25 11:00,25,,1.9,160,48
211,2019-05-25 12:00,26.2,,2.8,160,46
211,2019-05-25 13:00,27.1,,3,160,38
211,2019-05-25 14:00,27.1,,3.2,230,30
211,2019-05-25 15:00,26.9,,3.1,180,30
211,2019-05-25 16:00,26.8,,1.5,160,28
211,2019-05-25 17:00,26.5,,2.7,160,30
211,2019-05-25 18:00,25.9,,2,160,31
211,2019-05-25 19:00,24,,0.6,270,38
211,2019-05-25 20:00,21.1,,0.3,0,48
211,2019-05-25 21:00,18.5,,0.4,0,54
211,2019-05-25 22:00,16.8,,0.3,0,64
211,2019-05-25 23:00,16.1,,0.7,200,68
211,2019-05-26 0:00,15.6,,0.8,200,70
211,2019-05-26 1:00,14.9,,0.3,0,68
211,2019-05-26 2:00,14.7,,0.7,180,68
211,2019-05-26 3:00,14.1,,0.6,200,76
211,2019-05-26 4:00,13.3,,0,0,71
211,2019-05-26 5:00,12.9,,0.5,180,79
211,2019-05-26 6:00,12.7,,0.2,0,78
211,2019-05-26 7:00,15.2,,0.1,0,74
211,2019-05-26 8:00,16.1,,1.3,180,68
211,2019-05-26 9:00,20.6,,1.1,160,52
211,2019-05-26 10:00,24.7,,2.3,140,38
211,2019-05-26 11:00,26.4,,2.8,230,33
211,2019-05-26 12:00,28.3,,2.6,200,28
211,2019-05-26 13:00,29.5,,3.2,160,24
211,2019-05-26 14:00,29.3,,3.1,250,24
211,2019-05-26 15:00,29.4,,3.6,200,20
211,2019-05-26 16:00,29.2,,3.1,160,22
211,2019-05-26 17:00,28.9,,3.2,180,23
211,2019-05-26 18:00,27.5,,1.3,200,29
211,2019-05-26 19:00,24.8,,0.5,340,39
211,2019-05-26 20:00,22.4,,0.1,0,46
211,2019-05-26 21:00,20.8,,0.4,0,56
211,2019-05-26 22:00,19.4,,0.1,0,60
211,2019-05-26 23:00,20,,1.4,200,55
211,2019-05-27 0:00,19.5,,1.7,160,57
211,2019-05-27 1:00,18.3,,0.8,270,63
211,2019-05-27 2:00,17.8,,1,110,65
211,2019-05-27 3:00,17.5,,0.3,0,67
211,2019-05-27 4:00,17.6,,0.3,0,65
211,2019-05-27 5:00,17.3,0,0.6,180,70
211,2019-05-27 6:00,17.3,0,0.6,140,70
211,2019-05-27 7:00,17.8,,1.2,160,70
211,2019-05-27 8:00,16.9,0.5,1.3,140,82
211,2019-05-27 9:00,16.7,0,0.5,200,88
211,2019-05-27 10:00,17,0,0.6,180,90
211,2019-05-27 11:00,17.3,0,1,160,90
211,2019-05-27 12:00,17.7,0.5,0.7,230,91
211,2019-05-27 13:00,18.2,0,1.1,180,90
211,2019-05-27 14:00,18.6,0.5,2.1,160,90
211,2019-05-27 15:00,19.1,0,4,160,87
211,2019-05-27 16:00,19.6,0,6.2,160,86
211,2019-05-27 17:00,19,1.5,4.5,160,87
211,2019-05-27 18:00,18.8,0.5,4.3,160,84
211,2019-05-27 19:00,18.7,0.5,3.6,160,80
211,2019-05-27 20:00,18.3,,3.6,160,80
211,2019-05-27 21:00,17.9,0,4.3,160,77
211,2019-05-27 22:00,17.3,0,4.4,180,77
211,2019-05-27 23:00,17,,3.3,180,73
211,2019-05-28 0:00,16.5,,2.5,200,66
211,2019-05-28 1:00,15.5,,1.9,230,65
211,2019-05-28 2:00,13.4,,1.3,250,75
211,2019-05-28 3:00,11.8,,0.3,0,78
211,2019-05-28 4:00,11.2,,0.9,180,85
211,2019-05-28 5:00,10,,0.1,0,87
211,2019-05-28 6:00,9.6,,0.4,0,90
211,2019-05-28 7:00,11.7,,1.1,180,84
211,2019-05-28 8:00,14.2,,1.8,180,64
211,2019-05-28 9:00,15.2,,2.9,270,53
211,2019-05-28 10:00,17.3,,2.4,160,49
211,2019-05-28 11:00,19.2,,3.4,180,44
211,2019-05-28 12:00,20.8,,3.3,180,36
211,2019-05-28 13:00,22,,4.4,180,29
211,2019-05-28 14:00,23,,4,180,27
211,2019-05-28 15:00,23.4,,3.8,180,29
211,2019-05-28 16:00,23.3,,5.2,180,26
211,2019-05-28 17:00,22.8,,5.7,160,27
211,2019-05-28 18:00,22,,4.6,160,28
211,2019-05-28 19:00,21.3,,5.2,180,24
211,2019-05-28 20:00,20.6,,3.3,200,21
211,2019-05-28 21:00,19.4,,2.9,160,24
211,2019-05-28 22:00,18.6,,2.6,160,26
211,2019-05-28 23:00,15.2,,1.1,290,38
211,2019-05-29 0:00,13.7,,0.4,0,46
211,2019-05-29 1:00,12.3,,0.1,0,56
211,2019-05-29 2:00,11.9,0,0.8,110,56
211,2019-05-29 3:00,10.6,,0.2,0,62
211,2019-05-29 4:00,10,,1.5,320,67
211,2019-05-29 5:00,8.7,,0.3,0,74
211,2019-05-29 6:00,8.7,,0.3,0,78
211,2019-05-29 7:00,10.8,,0.7,110,73
211,2019-05-29 8:00,13.8,,1,140,59
211,2019-05-29 9:00,17.2,,2.8,160,49
211,2019-05-29 10:00,19.8,,2.6,160,42
211,2019-05-29 11:00,22,,3.5,160,33
211,2019-05-29 12:00,23.4,,3.2,160,25
211,2019-05-29 13:00,24.2,,4.9,180,26
211,2019-05-29 14:00,25.3,,2.6,200,20
211,2019-05-29 15:00,25.9,,2.7,200,19
211,2019-05-29 16:00,25.6,,3.7,180,21
211,2019-05-29 17:00,26.3,,1.6,160,24
211,2019-05-29 18:00,24.4,,1.9,250,27
211,2019-05-29 19:00,23.4,,2.3,200,31
211,2019-05-29 20:00,22,,1.6,230,32
211,2019-05-29 21:00,18.8,,0.7,270,43
211,2019-05-29 22:00,18.6,,1.3,180,44
211,2019-05-29 23:00,15.3,,0.5,20,55
211,2019-05-30 0:00,14,,0.4,0,60
211,2019-05-30 1:00,12.6,,0.2,0,64
211,2019-05-30 2:00,11.5,,0,0,72
211,2019-05-30 3:00,10.7,,0.1,0,75
211,2019-05-30 4:00,9.8,,0.2,0,76
211,2019-05-30 5:00,9.5,,0.3,0,78
211,2019-05-30 6:00,9.6,,0.4,0,81
211,2019-05-30 7:00,12,,0.6,90,72
211,2019-05-30 8:00,14.2,,0.5,160,65
211,2019-05-30 9:00,17.5,,2,160,49
211,2019-05-30 10:00,20.1,,2.4,160,40
211,2019-05-30 11:00,22.4,,3,160,29
211,2019-05-30 12:00,23.2,,2.8,180,30
211,2019-05-30 13:00,23.9,,4.5,180,32
211,2019-05-30 14:00,24.5,,4.1,180,31
211,2019-05-30 15:00,24.7,,4.2,180,32
211,2019-05-30 16:00,24.3,,4.3,180,35
211,2019-05-30 17:00,24.1,,3.5,160,36
211,2019-05-30 18:00,23.8,,2.9,160,35
211,2019-05-30 19:00,23.1,,1.5,140,36
211,2019-05-30 20:00,22.3,,2.8,200,37
211,2019-05-30 21:00,21.6,,3,160,40
211,2019-05-30 22:00,20.8,,4.6,160,43
211,2019-05-30 23:00,19.8,,3.9,160,48
211,2019-05-31 0:00,18.6,,4.1,160,52
211,2019-05-31 1:00,17.9,,4.9,160,53
